Base_Height,H_Feb04,H_Feb14,H_Feb21,H_Feb28,Growth_Feb04,Growth_Feb14,Growth_Feb21,Growth_Feb28,Rate_Feb04_Feb14,Rate_Feb14_Feb21,Rate_Feb21_Feb28,Total_Growth,Growth_Acceleration,Survival_Score,Treatment_Encoded,Alive_Feb14,Alive_Feb21,Alive_Feb28,Target_Accession
16,22.5,32,36.1,39,6.5,16,20.1,23,0.95,0.585714286,0.414285714,23,-0.535714286,1,0,1,1,1,5
15.5,24,34,39,40,8.5,18.5,23.5,24.5,1,0.714285714,0.142857143,24.5,-0.857142857,1,0,1,1,1,5
13.5,16.5,20,23.5,24,3,6.5,10,10.5,0.35,0.5,0.071428571,10.5,-0.278571429,1,0,1,1,1,5
10.1,24,30,32,34,13.9,19.9,21.9,23.9,0.6,0.285714286,0.285714286,23.9,-0.314285714,1,0,1,1,1,5
17.5,20.5,34,40,42,3,16.5,22.5,24.5,1.35,0.857142857,0.285714286,24.5,-1.064285714,1,0,1,1,1,5
11.5,23.2,34.2,37.2,40.3,11.7,22.7,25.7,28.8,1.1,0.428571429,0.442857143,28.8,-0.657142857,1,0,1,1,1,5
18.3,24,32.6,39.5,43.2,5.7,14.3,21.2,24.9,0.86,0.985714286,0.528571429,24.9,-0.331428571,1,0,1,1,1,5
14.6,22,28.5,37.3,42.5,7.4,13.9,22.7,27.9,0.65,1.257142857,0.742857143,27.9,0.092857143,1,0,1,1,1,5
15.5,25.2,38,40,42,9.7,22.5,24.5,26.5,1.28,0.285714286,0.285714286,26.5,-0.994285714,1,0,1,1,1,5
16,19.8,35.5,39,40.2,3.8,19.5,23,24.2,1.57,0.5,0.171428571,24.2,-1.398571429,1,0,1,1,1,5
18.2,23,33,41,44.6,4.8,14.8,22.8,26.4,1,1.142857143,0.514285714,26.4,-0.485714286,1,0,1,1,1,5
14,22.5,36.5,39,41.3,8.5,22.5,25,27.3,1.4,0.357142857,0.328571429,27.3,-1.071428571,1,0,1,1,1,5
17.6,25.6,43,48,49.2,8,25.4,30.4,31.6,1.74,0.714285714,0.171428571,31.6,-1.568571429,1,0,1,1,1,2
17.3,23,36.5,37.3,39.5,5.7,19.2,20,22.2,1.35,0.114285714,0.314285714,22.2,-1.035714286,1,0,1,1,1,2
23.8,33.5,46,59.5,59.9,9.7,22.2,35.7,36.1,1.25,1.928571429,0.057142857,36.1,-1.192857143,1,0,1,1,1,2
18.5,27.2,31.6,36,36.5,8.7,13.1,17.5,18,0.44,0.628571429,0.071428571,18,-0.368571429,1,0,1,1,1,2
20.4,26.5,38.5,39,43.2,6.1,18.1,18.6,22.8,1.2,0.071428571,0.6,22.8,-0.6,1,0,1,1,1,2
16,19,19.5,0,0,3,3.5,-16,-16,0.05,-2.785714286,0,-16,-0.05,1,0,1,1,1,2
19.5,28,46.5,48.5,49,8.5,27,29,29.5,1.85,0.285714286,0.071428571,29.5,-1.778571429,1,0,1,1,1,2
17,27,31.5,33,36.5,10,14.5,16,19.5,0.45,0.214285714,0.5,19.5,0.05,1,0,1,1,1,2
17,24.5,29.2,33,34.5,7.5,12.2,16,17.5,0.47,0.542857143,0.214285714,17.5,-0.255714286,1,0,1,1,1,2
18.5,25,45,46.5,49,6.5,26.5,28,30.5,2,0.214285714,0.357142857,30.5,-1.642857143,1,0,1,1,1,2
16,21,32,36,36.5,5,16,20,20.5,1.1,0.571428571,0.071428571,20.5,-1.028571429,1,0,1,1,1,2
16.6,27,40,46,51.5,10.4,23.4,29.4,34.9,1.3,0.857142857,0.785714286,34.9,-0.514285714,1,0,1,1,1,2
14.5,24.5,36.1,43.7,44.7,10,21.6,29.2,30.2,1.16,1.085714286,0.142857143,30.2,-1.017142857,1,0,1,1,1,0
11,16.5,30,32,33,5.5,19,21,22,1.35,0.285714286,0.142857143,22,-1.207142857,1,0,1,1,1,0
16,24.5,37.5,41,42,8.5,21.5,25,26,1.3,0.5,0.142857143,26,-1.157142857,1,0,1,1,1,0
12.8,22.5,29,30,30.5,9.7,16.2,17.2,17.7,0.65,0.142857143,0.071428571,17.7,-0.578571429,1,0,1,1,1,0
20,29,41.5,46,46.5,9,21.5,26,26.5,1.25,0.642857143,0.071428571,26.5,-1.178571429,1,0,1,1,1,0
16,25.3,40.1,46,54,9.3,24.1,30,38,1.48,0.842857143,1.142857143,38,-0.337142857,1,0,1,1,1,0
5.75,10.775,15.4375,0,0,0,0,0,0,0.46625,-2.205357143,0,-5.75,-0.46625,1,0,1,1,1,0
14.2,23,37,39.6,41.1,8.8,22.8,25.4,26.9,1.4,0.371428571,0.214285714,26.9,-1.185714286,1,0,1,1,1,0
18.5,27.5,38,42,42.5,9,19.5,23.5,24,1.05,0.571428571,0.071428571,24,-0.978571429,1,0,1,1,1,0
19,27.8,40.5,43,47.1,8.8,21.5,24,28.1,1.27,0.357142857,0.585714286,28.1,-0.684285714,1,0,1,1,1,0
7.5,16,27,29,31.8,8.5,19.5,21.5,24.3,1.1,0.285714286,0.4,24.3,-0.7,1,0,1,1,1,0
5.75,10.775,15.4375,0,0,0,0,0,0,0.46625,-2.205357143,0,-5.75,-0.46625,1,0,1,1,1,0
16,23.4,37,42,46.9,7.4,21,26,30.9,1.36,0.714285714,0.7,30.9,-0.66,1,0,1,1,1,9
17.4,26.2,35.5,40,46.2,8.8,18.1,22.6,28.8,0.93,0.642857143,0.885714286,28.8,-0.044285714,1,0,1,1,1,9
16.3,26.3,37.2,42,43,10,20.9,25.7,26.7,1.09,0.685714286,0.142857143,26.7,-0.947142857,1,0,1,1,1,9
14.5,27.5,34.1,46.5,47,13,19.6,32,32.5,0.66,1.771428571,0.071428571,32.5,-0.588571429,1,0,1,1,1,9
18.5,25,36.4,42.5,43.5,6.5,17.9,24,25,1.14,0.871428571,0.142857143,25,-0.997142857,1,0,1,1,1,9
19.5,27,35.6,38.5,40,7.5,16.1,19,20.5,0.86,0.414285714,0.214285714,20.5,-0.645714286,1,0,1,1,1,9
17,23.5,38,39,45,6.5,21,22,28,1.45,0.142857143,0.857142857,28,-0.592857143,1,0,1,1,1,9
14,24.3,35.6,40,46,10.3,21.6,26,32,1.13,0.628571429,0.857142857,32,-0.272857143,1,0,1,1,1,9
18.4,25,33,42,42.2,6.6,14.6,23.6,23.8,0.8,1.285714286,0.028571429,23.8,-0.771428571,1,0,1,1,1,9
19.5,24.5,38,42,42.5,5,18.5,22.5,23,1.35,0.571428571,0.071428571,23,-1.278571429,1,0,1,1,1,9
18.5,25,38,43.5,45.6,6.5,19.5,25,27.1,1.3,0.785714286,0.3,27.1,-1,1,0,1,1,1,9
16.3,24,39,46.2,49.5,7.7,22.7,29.9,33.2,1.5,1.028571429,0.471428571,33.2,-1.028571429,1,0,1,1,1,9
16,25.5,29.8,36.5,39.7,9.5,13.8,20.5,23.7,0.43,0.957142857,0.457142857,23.7,0.027142857,1,0,1,1,1,7
17,24,34.5,35,37.5,7,17.5,18,20.5,1.05,0.071428571,0.357142857,20.5,-0.692857143,1,0,1,1,1,7
18,23.8,34.5,42,42.5,5.8,16.5,24,24.5,1.07,1.071428571,0.071428571,24.5,-0.998571429,1,0,1,1,1,7
17.2,23.5,32.6,37,37.7,6.3,15.4,19.8,20.5,0.91,0.628571429,0.1,20.5,-0.81,1,0,1,1,1,7
17.5,22.5,33,40,41.5,5,15.5,22.5,24,1.05,1,0.214285714,24,-0.835714286,1,0,1,1,1,7
17.6,20,30,36,40,2.4,12.4,18.4,22.4,1,0.857142857,0.571428571,22.4,-0.428571429,1,0,1,1,1,7
16,21,34,36,38.7,5,18,20,22.7,1.3,0.285714286,0.385714286,22.7,-0.914285714,1,0,1,1,1,7
17.7,23.5,36.2,38,39,5.8,18.5,20.3,21.3,1.27,0.257142857,0.142857143,21.3,-1.127142857,1,0,1,1,1,7
18,25.5,36.3,42,42.7,7.5,18.3,24,24.7,1.08,0.814285714,0.1,24.7,-0.98,1,0,1,1,1,7
15.5,24.5,36,43,43.5,9,20.5,27.5,28,1.15,1,0.071428571,28,-1.078571429,1,0,1,1,1,7
16.5,24.5,31.9,37,39.5,8,15.4,20.5,23,0.74,0.728571429,0.357142857,23,-0.382857143,1,0,1,1,1,7
14.5,23,36.2,42.5,47,8.5,21.7,28,32.5,1.32,0.9,0.642857143,32.5,-0.677142857,1,0,1,1,1,7
19.2,27.5,42,47,56,8.3,22.8,27.8,36.8,1.45,0.714285714,1.285714286,36.8,-0.164285714,1,0,1,1,1,1
19.7,27.5,40.5,45,49,7.8,20.8,25.3,29.3,1.3,0.642857143,0.571428571,29.3,-0.728571429,1,0,1,1,1,1
21,29,38,46.2,46.3,8,17,25.2,25.3,0.9,1.171428571,0.014285714,25.3,-0.885714286,1,0,1,1,1,1
12.2,27,29,31,47.6,14.8,16.8,18.8,35.4,0.2,0.285714286,2.371428571,35.4,2.171428571,1,0,1,1,1,1
21.5,28.5,39,43.4,47.7,7,17.5,21.9,26.2,1.05,0.628571429,0.614285714,26.2,-0.435714286,1,0,1,1,1,1
21,27.5,40.9,44,45,6.5,19.9,23,24,1.34,0.442857143,0.142857143,24,-1.197142857,1,0,1,1,1,1
17.5,27,34,45,51.2,9.5,16.5,27.5,33.7,0.7,1.571428571,0.885714286,33.7,0.185714286,1,0,1,1,1,1
19,27,39,44,47,8,20,25,28,1.2,0.714285714,0.428571429,28,-0.771428571,1,0,1,1,1,1
13,22,41.5,47,52,9,28.5,34,39,1.95,0.785714286,0.714285714,39,-1.235714286,1,0,1,1,1,1
18,22.5,29,44,51.5,4.5,11,26,33.5,0.65,2.142857143,1.071428571,33.5,0.421428571,1,0,1,1,1,1
16.5,25.5,39.9,48.5,53.2,9,23.4,32,36.7,1.44,1.228571429,0.671428571,36.7,-0.768571429,1,0,1,1,1,1
21.5,28,41.5,48,57.3,6.5,20,26.5,35.8,1.35,0.928571429,1.328571429,35.8,-0.021428571,1,0,1,1,1,1
15,23,38.5,47,47.4,8,23.5,32,32.4,1.55,1.214285714,0.057142857,32.4,-1.492857143,1,0,1,1,1,6
17,25,34.3,38,39.2,8,17.3,21,22.2,0.93,0.528571429,0.171428571,22.2,-0.758571429,1,0,1,1,1,6
17,19.7,36.5,41.5,42.5,2.7,19.5,24.5,25.5,1.68,0.714285714,0.142857143,25.5,-1.537142857,1,0,1,1,1,6
14,24,30.7,34.6,36.3,10,16.7,20.6,22.3,0.67,0.557142857,0.242857143,22.3,-0.427142857,1,0,1,1,1,6
17.5,24.5,37,40,44,7,19.5,22.5,26.5,1.25,0.428571429,0.571428571,26.5,-0.678571429,1,0,1,1,1,6
18,28.5,49,58,64,10.5,31,40,46,2.05,1.285714286,0.857142857,46,-1.192857143,1,0,1,1,1,6
17,25,33.4,44,47.3,8,16.4,27,30.3,0.84,1.514285714,0.471428571,30.3,-0.368571429,1,0,1,1,1,6
17,22.5,37,40.5,42.3,5.5,20,23.5,25.3,1.45,0.5,0.257142857,25.3,-1.192857143,1,0,1,1,1,6
16,24,35,38,38.5,8,19,22,22.5,1.1,0.428571429,0.071428571,22.5,-1.028571429,1,0,1,1,1,6
17,20.8,38,44,48.5,3.8,21,27,31.5,1.72,0.857142857,0.642857143,31.5,-1.077142857,1,0,1,1,1,6
16,24,38.5,41,47.5,8,22.5,25,31.5,1.45,0.357142857,0.928571429,31.5,-0.521428571,1,0,1,1,1,6
16.3,21.6,38.7,47,50.7,5.3,22.4,30.7,34.4,1.71,1.185714286,0.528571429,34.4,-1.181428571,1,0,1,1,1,6
14,20.9,37.6,41.5,43.5,6.9,23.6,27.5,29.5,1.67,0.557142857,0.285714286,29.5,-1.384285714,1,0,1,1,1,4
15.5,25,34,39,43.2,9.5,18.5,23.5,27.7,0.9,0.714285714,0.6,27.7,-0.3,1,0,1,1,1,4
13.5,23.7,37,39,41,10.2,23.5,25.5,27.5,1.33,0.285714286,0.285714286,27.5,-1.044285714,1,0,1,1,1,4
14.5,26,33,37,41.2,11.5,18.5,22.5,26.7,0.7,0.571428571,0.6,26.7,-0.1,1,0,1,1,1,4
10,16,26,29,31,6,16,19,21,1,0.428571429,0.285714286,21,-0.714285714,1,0,1,1,1,4
11.5,20.3,34,41,47,8.8,22.5,29.5,35.5,1.37,1,0.857142857,35.5,-0.512857143,1,0,1,1,1,4
14,21,35,39,39.5,7,21,25,25.5,1.4,0.571428571,0.071428571,25.5,-1.328571429,1,0,1,1,1,4
16,23,30,33.5,37.5,7,14,17.5,21.5,0.7,0.5,0.571428571,21.5,-0.128571429,1,0,1,1,1,4
15,24,31,34,35.5,9,16,19,20.5,0.7,0.428571429,0.214285714,20.5,-0.485714286,1,0,1,1,1,4
14.5,20,38,39.5,40.5,5.5,23.5,25,26,1.8,0.214285714,0.142857143,26,-1.657142857,1,0,1,1,1,4
5.75,10.775,15.4375,0,0,0,0,0,0,0.46625,-2.205357143,0,-5.75,-0.46625,1,0,1,1,1,4
5.75,10.775,15.4375,0,0,0,0,0,0,0.46625,-2.205357143,0,-5.75,-0.46625,1,0,1,1,1,4
17.5,27,37,41.5,46.5,9.5,19.5,24,29,1,0.642857143,0.714285714,29,-0.285714286,1,0,1,1,1,8
11,19,33,36,38,8,22,25,27,1.4,0.428571429,0.285714286,27,-1.114285714,1,0,1,1,1,8
25,38,33.3,37,38.2,13,8.3,12,13.2,-0.47,0.528571429,0.171428571,13.2,0.641428571,1,0,1,1,1,8
19.5,25.5,39,42,47,6,19.5,22.5,27.5,1.35,0.428571429,0.714285714,27.5,-0.635714286,1,0,1,1,1,8
15.5,25,41,45,48,9.5,25.5,29.5,32.5,1.6,0.571428571,0.428571429,32.5,-1.171428571,1,0,1,1,1,8
15.3,26.5,45,47,47.4,11.2,29.7,31.7,32.1,1.85,0.285714286,0.057142857,32.1,-1.792857143,1,0,1,1,1,8
20,24.5,38,43.6,48.5,4.5,18,23.6,28.5,1.35,0.8,0.7,28.5,-0.65,1,0,1,1,1,8
15,19,22.6,0,0,4,7.6,-15,-15,0.36,-3.228571429,0,-15,-0.36,1,0,1,1,1,8
15.5,22.5,36,58,67,7,20.5,42.5,51.5,1.35,3.142857143,1.285714286,51.5,-0.064285714,1,0,1,1,1,8
21,26.5,40,47,50,5.5,19,26,29,1.35,1,0.428571429,29,-0.921428571,1,0,1,1,1,8
13.5,22.5,37,39,55.5,9,23.5,25.5,42,1.45,0.285714286,2.357142857,42,0.907142857,1,0,1,1,1,8
13.5,23.1,38,44.1,46.2,9.6,24.5,30.6,32.7,1.49,0.871428571,0.3,32.7,-1.19,1,0,1,1,1,8
24,32,49.9375,51,55,8,26.5,27,31,1.79375,0.151785714,0.571428571,31,-1.222321429,1,0,1,1,1,13
12.5,25.5,49.9375,63,66,13,34.4,50.5,53.5,2.44375,1.866071429,0.428571429,53.5,-2.015178571,1,0,1,1,1,13
15,28,47,51.5,54,13,32,36.5,39,1.9,0.642857143,0.357142857,39,-1.542857143,1,0,1,1,1,13
19,33,49.9375,65,68.5,14,32.6,46,49.5,1.69375,2.151785714,0.5,49.5,-1.19375,1,0,1,1,1,13
17.5,29,49.9375,64,65.7,11.5,34.4,46.5,48.2,2.09375,2.008928571,0.242857143,48.2,-1.850892857,1,0,1,1,1,13
19.5,27.5,47,49,51.2,8,27.5,29.5,31.7,1.95,0.285714286,0.314285714,31.7,-1.635714286,1,0,1,1,1,13
17,27,34,38,47,10,17,21,30,0.7,0.571428571,1.285714286,30,0.585714286,1,0,1,1,1,13
19,33,49.9375,54,54.5,14,33,35,35.5,1.69375,0.580357143,0.071428571,35.5,-1.622321429,1,0,1,1,1,13
14,27.5,49.9375,58,60,13.5,34.4,44,46,2.24375,1.151785714,0.285714286,46,-1.958035714,1,0,1,1,1,13
19.5,30,49.9375,68,68.5,10.5,34.4,48.5,49,1.99375,2.580357143,0.071428571,49,-1.922321429,1,0,1,1,1,13
20,34,15.4375,0,0,14,-4.8,-20,-20,-1.85625,-2.205357143,0,-20,1.85625,1,0,1,1,1,13
18,10.775,15.4375,0,0,-3.6125,-4.8,-18,-18,0.46625,-2.205357143,0,-18,-0.46625,1,0,1,1,1,13
17.5,27.5,48.5,55.5,57,10,31,38,39.5,2.1,1,0.214285714,39.5,-1.885714286,1,0,1,1,1,16
21.5,27.5,47,49,62,6,25.5,27.5,40.5,1.95,0.285714286,1.857142857,40.5,-0.092857143,1,0,1,1,1,16
17.5,31.8,48.5,58,60,14.3,31,40.5,42.5,1.67,1.357142857,0.285714286,42.5,-1.384285714,1,0,1,1,1,16
17.7,29.5,49.5,58,62.2,11.8,31.8,40.3,44.5,2,1.214285714,0.6,44.5,-1.4,1,0,1,1,1,16
13,19.5,40,52.2,55,6.5,27,39.2,42,2.05,1.742857143,0.4,42,-1.65,1,0,1,1,1,16
15.5,16.5,48,55,56.2,1,32.5,39.5,40.7,3.15,1,0.171428571,40.7,-2.978571429,1,0,1,1,1,16
20,25.5,44,55,58,5.5,24,35,38,1.85,1.571428571,0.428571429,38,-1.421428571,1,0,1,1,1,16
5.75,10.775,15.4375,0,0,-3.5,-3.5,-3.5,-3.5,0.46625,-2.205357143,0,-5.75,-0.46625,1,0,1,1,1,16
19,30.5,46,47,50.3,11.5,27,28,31.3,1.55,0.142857143,0.471428571,31.3,-1.078571429,1,0,1,1,1,16
5.75,10.775,15.4375,0,0,0,0,0,0,0.46625,-2.205357143,0,-5.75,-0.46625,1,0,1,1,1,16
14,21.5,42.5,55,60.5,7.5,28.5,41,46.5,2.1,1.785714286,0.785714286,46.5,-1.314285714,1,0,1,1,1,16
18,31,37.3,43,52.6,13,19.3,25,34.6,0.63,0.814285714,1.371428571,34.6,0.741428571,1,0,1,1,1,16
17,22,28,36,42.2,5,11,19,25.2,0.6,1.142857143,0.885714286,25.2,0.285714286,1,0,1,1,1,12
16.3,21.2,25,32,34,4.9,8.7,15.7,17.7,0.38,1,0.285714286,17.7,-0.094285714,1,0,1,1,1,12
13.5,19.5,23.5,24.6,38.6,6,10,11.1,25.1,0.4,0.157142857,2,25.1,1.6,1,0,1,1,1,12
21,27,40.5,45,48,6,19.5,24,27,1.35,0.642857143,0.428571429,27,-0.921428571,1,0,1,1,1,12
10.5,14,31.2,36.3,38.6,3.5,20.7,25.8,28.1,1.72,0.728571429,0.328571429,28.1,-1.391428571,1,0,1,1,1,12
16.5,22.6,29.5,35.5,40,6.1,13,19,23.5,0.69,0.857142857,0.642857143,23.5,-0.047142857,1,0,1,1,1,12
5.75,10.775,15.4375,0,0,0,0,0,0,0.46625,-2.205357143,0,-5.75,-0.46625,1,0,1,1,1,12
13,17,30.5,36,40,4,17.5,23,27,1.35,0.785714286,0.571428571,27,-0.778571429,1,0,1,1,1,12
10,13.5,24,35,36.2,3.5,14,25,26.2,1.05,1.571428571,0.171428571,26.2,-0.878571429,1,0,1,1,1,12
5.75,10.775,15.4375,0,0,0,0,0,0,0.46625,-2.205357143,0,-5.75,-0.46625,1,0,1,1,1,12
14,19,19.5,21.5,22,5,5.5,7.5,8,0.05,0.285714286,0.071428571,8,0.021428571,1,0,1,1,1,12
5.75,10.775,15.4375,0,0,0,0,0,0,0.46625,-2.205357143,0,-5.75,-0.46625,1,0,1,1,1,12
15.5,17.5,30,36.5,42,2,14.5,21,26.5,1.25,0.928571429,0.785714286,26.5,-0.464285714,1,0,1,1,1,7
14.6,24,36,40.5,40.8,9.4,21.4,25.9,26.2,1.2,0.642857143,0.042857143,26.2,-1.157142857,1,0,1,1,1,7
18.5,25,43,45.5,49.2,6.5,24.5,27,30.7,1.8,0.357142857,0.528571429,30.7,-1.271428571,1,0,1,1,1,7
17.5,30,43.5,47,49,12.5,26,29.5,31.5,1.35,0.5,0.285714286,31.5,-1.064285714,1,0,1,1,1,7
17,26,43,46.5,48.8,9,26,29.5,31.8,1.7,0.5,0.328571429,31.8,-1.371428571,1,0,1,1,1,7
15,25.8,37,42.5,50,10.8,22,27.5,35,1.12,0.785714286,1.071428571,35,-0.048571429,1,0,1,1,1,7
13.9,22,32.7,37.5,41.3,8.1,18.8,23.6,27.4,1.07,0.685714286,0.542857143,27.4,-0.527142857,1,0,1,1,1,7
16.5,25,32,35.7,46.7,8.5,15.5,19.2,30.2,0.7,0.528571429,1.571428571,30.2,0.871428571,1,0,1,1,1,7
15.5,27.5,37.6,42,45.2,12,22.1,26.5,29.7,1.01,0.628571429,0.457142857,29.7,-0.552857143,1,0,1,1,1,7
16,28,41.5,43.5,48.5,12,25.5,27.5,32.5,1.35,0.285714286,0.714285714,32.5,-0.635714286,1,0,1,1,1,7
20,31,40,42,58.5,11,20,22,38.5,0.9,0.285714286,2.357142857,38.5,1.457142857,1,0,1,1,1,7
12,21,30,38.5,45.1,9,18,26.5,33.1,0.9,1.214285714,0.942857143,33.1,0.042857143,1,0,1,1,1,7
18.7,32,49.9375,55.2,57,13.3,34.4,36.5,38.3,1.79375,0.751785714,0.257142857,38.3,-1.536607143,1,0,1,1,1,0
18,24,32.1,37,43.3,6,14.1,19,25.3,0.81,0.7,0.9,25.3,0.09,1,0,1,1,1,0
12,26,38.2,45.3,55.5,14,26.2,33.3,43.5,1.22,1.014285714,1.457142857,43.5,0.237142857,1,0,1,1,1,0
17.2,32,48.3,52,53.8,14.8,31.1,34.8,36.6,1.63,0.528571429,0.257142857,36.6,-1.372857143,1,0,1,1,1,0
14.7,29,45.2,48,49.5,14.3,30.5,33.3,34.8,1.62,0.4,0.214285714,34.8,-1.405714286,1,0,1,1,1,0
18.5,32,49.7,56,63,13.5,31.2,37.5,44.5,1.77,0.9,1,44.5,-0.77,1,0,1,1,1,0
7.5,19.5,30.3,37,39.5,12,22.8,29.5,32,1.08,0.957142857,0.357142857,32,-0.722857143,1,0,1,1,1,0
18.5,26.5,44,52,53.5,8,25.5,33.5,35,1.75,1.142857143,0.214285714,35,-1.535714286,1,0,1,1,1,0
5.75,10.775,15.4375,0,0,0,0,0,0,0.46625,-2.205357143,0,-5.75,-0.46625,1,0,1,1,1,0
19.5,27.5,37.5,38.5,49.5,8,18,19,30,1,0.142857143,1.571428571,30,0.571428571,1,0,1,1,1,0
19,31,35.8,45,46,12,16.8,26,27,0.48,1.314285714,0.142857143,27,-0.337142857,1,0,1,1,1,0
15,26.5,38.5,42,54,11.5,23.5,27,39,1.2,0.5,1.714285714,39,0.514285714,1,0,1,1,1,0
20.5,30,37,55.3,60.4,9.5,16.5,34.8,39.9,0.7,2.614285714,0.728571429,39.9,0.028571429,1,0,1,1,1,9
22.5,29,42,51,57.6,6.5,19.5,28.5,35.1,1.3,1.285714286,0.942857143,35.1,-0.357142857,1,0,1,1,1,9
11.2,19.5,30.8,35,38.5,8.3,19.6,23.8,27.3,1.13,0.6,0.5,27.3,-0.63,1,0,1,1,1,9
15.5,24.6,40,47.2,47.6,9.1,24.5,31.7,32.1,1.54,1.028571429,0.057142857,32.1,-1.482857143,1,0,1,1,1,9
15.7,26,41,42.4,45.6,10.3,25.3,26.7,29.9,1.5,0.2,0.457142857,29.9,-1.042857143,1,0,1,1,1,9
5.75,10.775,15.4375,0,0,0,0,0,0,0.46625,-2.205357143,0,-5.75,-0.46625,1,0,1,1,1,9
5.75,10.775,15.4375,0,0,0,0,0,0,0.46625,-2.205357143,0,-5.75,-0.46625,1,0,1,1,1,9
5.75,10.775,15.4375,0,0,0,0,0,0,0.46625,-2.205357143,0,-5.75,-0.46625,1,0,1,1,1,9
5.75,10.775,15.4375,0,0,0,0,0,0,0.46625,-2.205357143,0,-5.75,-0.46625,1,0,1,1,1,9
5.75,10.775,15.4375,0,0,0,0,0,0,0.46625,-2.205357143,0,-5.75,-0.46625,1,0,1,1,1,9
5.75,10.775,15.4375,0,0,0,0,0,0,0.46625,-2.205357143,0,-5.75,-0.46625,1,0,1,1,1,9
5.75,10.775,15.4375,0,0,0,0,0,0,0.46625,-2.205357143,0,-5.75,-0.46625,1,0,1,1,1,9
23,33,49.9375,57,65,10,27,34,42,1.69375,1.008928571,1.142857143,42,-0.550892857,1,0,1,1,1,1
15.5,29,48,55,58.5,13.5,32.5,39.5,43,1.9,1,0.5,43,-1.4,1,0,1,1,1,1
22.2,30.5,49.9375,59.4,65,8.3,33.8,37.2,42.8,1.94375,1.351785714,0.8,42.8,-1.14375,1,0,1,1,1,1
15.5,23.5,34.7,38,41.1,8,19.2,22.5,25.6,1.12,0.471428571,0.442857143,25.6,-0.677142857,1,0,1,1,1,1
21,32,34,40,50,11,13,19,29,0.2,0.857142857,1.428571429,29,1.228571429,1,0,1,1,1,1
19,26.5,35,42,50,7.5,16,23,31,0.85,1,1.142857143,31,0.292857143,1,0,1,1,1,1
5.75,10.775,15.4375,0,0,0,0,0,0,0.46625,-2.205357143,0,-5.75,-0.46625,1,0,1,1,1,1
5.75,10.775,15.4375,0,0,0,0,0,0,0.46625,-2.205357143,0,-5.75,-0.46625,1,0,1,1,1,1
19.5,34,44.7,48,55.5,14.5,25.2,28.5,36,1.07,0.471428571,1.071428571,36,0.001428571,1,0,1,1,1,1
16.5,29,41,43.2,44.5,12.5,24.5,26.7,28,1.2,0.314285714,0.185714286,28,-1.014285714,1,0,1,1,1,1
21,28.5,43,47,52,7.5,22,26,31,1.45,0.571428571,0.714285714,31,-0.735714286,1,0,1,1,1,1
11.5,39,49.9375,60,70.6,18.4875,34.4,48.5,59.1,1.09375,1.4375,1.514285714,59.1,0.420535714,1,0,1,1,1,1
20,26,39,41.5,48.5,6,19,21.5,28.5,1.3,0.357142857,1,28.5,-0.3,1,0,1,1,1,5
17,21,36.5,41.5,49,4,19.5,24.5,32,1.55,0.714285714,1.071428571,32,-0.478571429,1,0,1,1,1,5
19,26,48,50,50.5,7,29,31,31.5,2.2,0.285714286,0.071428571,31.5,-2.128571429,1,0,1,1,1,5
15.4,29.5,38.5,49,54,14.1,23.1,33.6,38.6,0.9,1.5,0.714285714,38.6,-0.185714286,1,0,1,1,1,5
19,28,40.3,47,51,9,21.3,28,32,1.23,0.957142857,0.571428571,32,-0.658571429,1,0,1,1,1,5
18.3,25,39.5,47,51.3,6.7,21.2,28.7,33,1.45,1.071428571,0.614285714,33,-0.835714286,1,0,1,1,1,5
18.5,25,34,39,45.3,6.5,15.5,20.5,26.8,0.9,0.714285714,0.9,26.8,-4.44089E-16,1,0,1,1,1,5
19.7,25,40,45,46.3,5.3,20.3,25.3,26.6,1.5,0.714285714,0.185714286,26.6,-1.314285714,1,0,1,1,1,5
15,19,36.2,38.3,47.4,4,21.2,23.3,32.4,1.72,0.3,1.3,32.4,-0.42,1,0,1,1,1,5
21.5,26,33,41,46.5,4.5,11.5,19.5,25,0.7,1.142857143,0.785714286,25,0.085714286,1,0,1,1,1,5
19,29,45.2,51,55,10,26.2,32,36,1.62,0.828571429,0.571428571,36,-1.048571429,1,0,1,1,1,5
15,28,43.5,52,56.4,13,28.5,37,41.4,1.55,1.214285714,0.628571429,41.4,-0.921428571,1,0,1,1,1,5
15,22.6,30.6,35,40.2,7.6,15.6,20,25.2,0.8,0.628571429,0.742857143,25.2,-0.057142857,1,0,1,1,1,2
15,22,26,36.5,44,7,11,21.5,29,0.4,1.5,1.071428571,29,0.671428571,1,0,1,1,1,2
12,19,27,29,36,7,15,17,24,0.8,0.285714286,1,24,0.2,1,0,1,1,1,2
20,28,41,46,54.2,8,21,26,34.2,1.3,0.714285714,1.171428571,34.2,-0.128571429,1,0,1,1,1,2
19.2,31.5,38.6,40.3,55,12.3,19.4,21.1,35.8,0.71,0.242857143,2.1,35.8,1.39,1,0,1,1,1,2
20,25,32.8,38,50.8,5,12.8,18,30.8,0.78,0.742857143,1.828571429,30.8,1.048571429,1,0,1,1,1,2
14,20.8,34,39,47.4,6.8,20,25,33.4,1.32,0.714285714,1.2,33.4,-0.12,1,0,1,1,1,2
5.75,10.775,15.4375,0,0,0,0,0,0,0.46625,-2.205357143,0,-5.75,-0.46625,1,0,1,1,1,2
18.5,27.5,34,47.5,56.3,9,15.5,29,37.8,0.65,1.928571429,1.257142857,37.8,0.607142857,1,0,1,1,1,2
17,28.5,39,46,55.2,11.5,22,29,38.2,1.05,1,1.314285714,38.2,0.264285714,1,0,1,1,1,2
18.6,27,49.9375,55,70.6,8.4,32.9,36.4,52,2.29375,0.723214286,2.228571429,52,-0.065178571,1,0,1,1,1,2
14.9,26.8,40.5,42.7,60.2,11.9,25.6,27.8,45.3,1.37,0.314285714,2.5,45.3,1.13,1,0,1,1,1,2
16,19.5,32.5,38,43.3,3.5,16.5,22,27.3,1.3,0.785714286,0.757142857,27.3,-0.542857143,1,0,1,1,1,15
17.5,25,31.6,36,37,7.5,14.1,18.5,19.5,0.66,0.628571429,0.142857143,19.5,-0.517142857,1,0,1,1,1,15
16.3,32,33.2,43,44.2,15.7,16.9,26.7,27.9,0.12,1.4,0.171428571,27.9,0.051428571,1,0,1,1,1,15
15,18.5,29.5,35,38,3.5,14.5,20,23,1.1,0.785714286,0.428571429,23,-0.671428571,1,0,1,1,1,15
13,24,35.4,36,36.8,11,22.4,23,23.8,1.14,0.085714286,0.114285714,23.8,-1.025714286,1,0,1,1,1,15
19.6,23,36.4,38.5,44.1,3.4,16.8,18.9,24.5,1.34,0.3,0.8,24.5,-0.54,1,0,1,1,1,15
20.5,32.8,33,0,0,12.3,12.5,-20.5,-20.5,0.02,-4.714285714,0,-20.5,-0.02,1,0,1,1,1,15
16.5,28,38,40.5,44.7,11.5,21.5,24,28.2,1,0.357142857,0.6,28.2,-0.4,1,0,1,1,1,15
5.75,10.775,15.4375,0,0,0,0,0,0,0.46625,-2.205357143,0,-5.75,-0.46625,1,0,1,1,1,15
10.5,20,29,0,0,9.5,18.5,-10.5,-10.5,0.9,-4.142857143,0,-10.5,-0.9,1,0,1,1,1,15
17.8,30.5,37.5,39,39.5,12.7,19.7,21.2,21.7,0.7,0.214285714,0.071428571,21.7,-0.628571429,1,0,1,1,1,15
14,26.5,35.6,36.8,43.2,12.5,21.6,22.8,29.2,0.91,0.171428571,0.914285714,29.2,0.004285714,1,0,1,1,1,15
5.75,10.775,15.4375,0,0,0,0,0,0,0.46625,-2.205357143,0,-5.75,-0.46625,1,0,1,1,1,14
5.75,10.775,15.4375,0,0,0,0,0,0,0.46625,-2.205357143,0,-5.75,-0.46625,1,0,1,1,1,14
13.3,28.5,34,36,36.5,15.2,20.7,22.7,23.2,0.55,0.285714286,0.071428571,23.2,-0.478571429,1,0,1,1,1,14
5.75,10.775,15.4375,0,0,0,0,0,0,0.46625,-2.205357143,0,-5.75,-0.46625,1,0,1,1,1,14
5.75,10.775,15.4375,0,0,0,0,0,0,0.46625,-2.205357143,0,-5.75,-0.46625,1,0,1,1,1,14
5.75,10.775,15.4375,0,0,0,0,0,0,0.46625,-2.205357143,0,-5.75,-0.46625,1,0,1,1,1,14
5.75,10.775,15.4375,0,0,0,0,0,0,0.46625,-2.205357143,0,-5.75,-0.46625,1,0,1,1,1,14
5.75,10.775,15.4375,0,0,0,0,0,0,0.46625,-2.205357143,0,-5.75,-0.46625,1,0,1,1,1,14
5.75,10.775,15.4375,0,0,0,0,0,0,0.46625,-2.205357143,0,-5.75,-0.46625,1,0,1,1,1,14
5.75,10.775,15.4375,0,0,0,0,0,0,0.46625,-2.205357143,0,-5.75,-0.46625,1,0,1,1,1,14
5.75,10.775,15.4375,0,0,0,0,0,0,0.46625,-2.205357143,0,-5.75,-0.46625,1,0,1,1,1,14
5.75,10.775,15.4375,0,0,0,0,0,0,0.46625,-2.205357143,0,-5.75,-0.46625,1,0,1,1,1,14
21.5,27,39,41,44.2,5.5,17.5,19.5,22.7,1.2,0.285714286,0.457142857,22.7,-0.742857143,1,0,1,1,1,11
16.4,24.5,35,38,38.3,8.1,18.6,21.6,21.9,1.05,0.428571429,0.042857143,21.9,-1.007142857,1,0,1,1,1,11
20,29,41.9,44,52.5,9,21.9,24,32.5,1.29,0.3,1.214285714,32.5,-0.075714286,1,0,1,1,1,11
18,27,34,0,0,9,16,-18,-18,0.7,-4.857142857,0,-18,-0.7,1,0,1,1,1,11
23,28.5,38.8,40,55.2,5.5,15.8,17,32.2,1.03,0.171428571,2.171428571,32.2,1.141428571,1,0,1,1,1,11
16,26.5,27,36,42.3,10.5,11,20,26.3,0.05,1.285714286,0.9,26.3,0.85,1,0,1,1,1,11
5.75,10.775,15.4375,0,0,0,0,0,0,0.46625,-2.205357143,0,-5.75,-0.46625,1,0,1,1,1,11
5.75,10.775,15.4375,0,0,0,0,0,0,0.46625,-2.205357143,0,-5.75,-0.46625,1,0,1,1,1,11
6.3,11,16.1,20,28,4.7,9.8,13.7,21.7,0.51,0.557142857,1.142857143,21.7,0.632857143,1,0,1,1,1,11
5.75,10.775,15.4375,0,0,0,0,0,0,0.46625,-2.205357143,0,-5.75,-0.46625,1,0,1,1,1,11
5.75,10.775,15.4375,0,0,0,0,0,0,0.46625,-2.205357143,0,-5.75,-0.46625,1,0,1,1,1,11
5.75,10.775,15.4375,0,0,0,0,0,0,0.46625,-2.205357143,0,-5.75,-0.46625,1,0,1,1,1,11
19.5,24.5,34.6,39,52.2,5,15.1,19.5,32.7,1.01,0.628571429,1.885714286,32.7,0.875714286,1,0,1,1,1,10
18.7,26,35.7,39.9,53.5,7.3,17,21.2,34.8,0.97,0.6,1.942857143,34.8,0.972857143,1,0,1,1,1,10
15.8,23.5,35.5,37.6,47.5,7.7,19.7,21.8,31.7,1.2,0.3,1.414285714,31.7,0.214285714,1,0,1,1,1,10
5.75,10.775,15.4375,0,0,0,0,0,0,0.46625,-2.205357143,0,-5.75,-0.46625,1,0,1,1,1,10
12.8,22.5,29,33,53.1,9.7,16.2,20.2,40.3,0.65,0.571428571,2.871428571,40.3,2.221428571,1,0,1,1,1,10
15,19.5,27.1,30,39.6,4.5,12.1,15,24.6,0.76,0.414285714,1.371428571,24.6,0.611428571,1,0,1,1,1,10
15,25,27.2,31.2,41.5,10,12.2,16.2,26.5,0.22,0.571428571,1.471428571,26.5,1.251428571,1,0,1,1,1,10
5.75,10.775,15.4375,0,0,0,0,0,0,0.46625,-2.205357143,0,-5.75,-0.46625,1,0,1,1,1,10
5.75,10.775,15.4375,0,0,0,0,0,0,0.46625,-2.205357143,0,-5.75,-0.46625,1,0,1,1,1,10
5.75,10.775,15.4375,0,0,0,0,0,0,0.46625,-2.205357143,0,-5.75,-0.46625,1,0,1,1,1,10
5.75,10.775,15.4375,0,0,0,0,0,0,0.46625,-2.205357143,0,-5.75,-0.46625,1,0,1,1,1,10
5.75,10.775,15.4375,0,0,-3,-3,-3,-3,0.46625,-2.205357143,0,-5.75,-0.46625,1,0,1,1,1,10
18.5,29,35,40,53.1,10.5,16.5,21.5,34.6,0.6,0.714285714,1.871428571,34.6,1.271428571,1,0,1,1,1,3
5.75,10.775,15.4375,0,0,0,0,0,0,0.46625,-2.205357143,0,-5.75,-0.46625,1,0,1,1,1,3
5.75,10.775,15.4375,0,0,0,0,0,0,0.46625,-2.205357143,0,-5.75,-0.46625,1,0,1,1,1,3
5.75,10.775,15.4375,0,0,0,0,0,0,0.46625,-2.205357143,0,-5.75,-0.46625,1,0,1,1,1,3
5.75,10.775,15.4375,0,0,0,0,0,0,0.46625,-2.205357143,0,-5.75,-0.46625,1,0,1,1,1,3
21,25.5,30.5,32,42.5,4.5,9.5,11,21.5,0.5,0.214285714,1.5,21.5,1,1,0,1,1,1,3
5.75,10.775,15.4375,0,0,0,0,0,0,0.46625,-2.205357143,0,-5.75,-0.46625,1,0,1,1,1,3
5.75,10.775,15.4375,0,0,0,0,0,0,0.46625,-2.205357143,0,-5.75,-0.46625,1,0,1,1,1,3
5.75,10.775,15.4375,0,0,0,0,0,0,0.46625,-2.205357143,0,-5.75,-0.46625,1,0,1,1,1,3
5.75,10.775,15.4375,0,0,0,0,0,0,0.46625,-2.205357143,0,-5.75,-0.46625,1,0,1,1,1,3
5.75,10.775,15.4375,0,0,0,0,0,0,0.46625,-2.205357143,0,-5.75,-0.46625,1,0,1,1,1,3
5.75,10.775,15.4375,0,0,0,0,0,0,0.46625,-2.205357143,0,-5.75,-0.46625,1,0,1,1,1,3
23.4,28,36,37.2,57.7,4.6,12.6,13.8,34.3,0.8,0.171428571,2.928571429,34.3,2.128571429,1,0,1,1,1,17
24.6,33,40,41.5,41.7,8.4,15.4,16.9,17.1,0.7,0.214285714,0.028571429,17.1,-0.671428571,1,0,1,1,1,17
12.2,19,29.3,33,38,6.8,17.1,20.8,25.8,1.03,0.528571429,0.714285714,25.8,-0.315714286,1,0,1,1,1,17
24.8,34,38,40,40.5,9.2,13.2,15.2,15.7,0.4,0.285714286,0.071428571,15.7,-0.328571429,1,0,1,1,1,17
19,30.5,39.7,40.5,40.7,11.5,20.7,21.5,21.7,0.92,0.114285714,0.028571429,21.7,-0.891428571,1,0,1,1,1,17
8,15,21.7,31,33,7,13.7,23,25,0.67,1.328571429,0.285714286,25,-0.384285714,1,0,1,1,1,17
5.75,10.775,15.4375,0,0,-3.6125,-4.5,-4.5,-4.5,0.46625,-2.205357143,0,-5.75,-0.46625,1,0,1,1,1,17
5.75,10.775,15.4375,0,0,0,0,0,0,0.46625,-2.205357143,0,-5.75,-0.46625,1,0,1,1,1,17
5.75,10.775,15.4375,0,0,0,0,0,0,0.46625,-2.205357143,0,-5.75,-0.46625,1,0,1,1,1,17
5.75,10.775,15.4375,0,0,0,0,0,0,0.46625,-2.205357143,0,-5.75,-0.46625,1,0,1,1,1,17
5.75,10.775,15.4375,0,0,0,0,0,0,0.46625,-2.205357143,0,-5.75,-0.46625,1,0,1,1,1,17
11,24,29.7,31,39.2,13,18.7,20,28.2,0.57,0.185714286,1.171428571,28.2,0.601428571,1,0,1,1,1,17
17.5,29,45,54,56,11.5,27.5,36.5,38.5,1.6,1.285714286,0.285714286,38.5,-1.314285714,1,0,1,1,1,9
16.5,30.5,49.5,58.5,59,14,33,42,42.5,1.9,1.285714286,0.071428571,42.5,-1.828571429,1,0,1,1,1,9
17,26.5,48,52.5,56.5,9.5,31,35.5,39.5,2.15,0.642857143,0.571428571,39.5,-1.578571429,1,0,1,1,1,9
19,32,49.9375,56,62.3,13,31,37,43.3,1.79375,0.866071429,0.9,43.3,-0.89375,1,0,1,1,1,9
17,20.5,41.5,56,61.4,3.5,24.5,39,44.4,2.1,2.071428571,0.771428571,44.4,-1.328571429,1,0,1,1,1,9
15.5,30,49.9375,56.3,60.1,14.5,34.4,40.8,44.6,1.99375,0.908928571,0.542857143,44.6,-1.450892857,1,0,1,1,1,9
16,29,46,53,56.5,13,30,37,40.5,1.7,1,0.5,40.5,-1.2,1,0,1,1,1,9
15.5,28,48.5,58,58.3,12.5,33,42.5,42.8,2.05,1.357142857,0.042857143,42.8,-2.007142857,1,0,1,1,1,9
15.3,29,44,45,49.7,13.7,28.7,29.7,34.4,1.5,0.142857143,0.671428571,34.4,-0.828571429,1,0,1,1,1,9
15,30.5,49.5,57,58.5,15.5,34.4,42,43.5,1.9,1.071428571,0.214285714,43.5,-1.685714286,1,0,1,1,1,9
19.5,30.5,36,42,43,11,16.5,22.5,23.5,0.55,0.857142857,0.142857143,23.5,-0.407142857,1,0,1,1,1,9
16,32,49.9375,59,64.2,16,34.4,43,48.2,1.79375,1.294642857,0.742857143,48.2,-1.050892857,1,0,1,1,1,9
14.1,21,36,39,39.5,6.9,21.9,24.9,25.4,1.5,0.428571429,0.071428571,25.4,-1.428571429,1,0,1,1,1,5
20,27,45.5,45.5,49.7,7,25.5,25.5,29.7,1.85,0,0.6,29.7,-1.25,1,0,1,1,1,5
16,23,45.5,50.5,50.7,7,29.5,34.5,34.7,2.25,0.714285714,0.028571429,34.7,-2.221428571,1,0,1,1,1,5
19,28,35,36.5,37.5,9,16,17.5,18.5,0.7,0.214285714,0.142857143,18.5,-0.557142857,1,0,1,1,1,5
14.5,23,43.3,46,47.1,8.5,28.8,31.5,32.6,2.03,0.385714286,0.157142857,32.6,-1.872857143,1,0,1,1,1,5
14.4,25.2,40,47,48.5,10.8,25.6,32.6,34.1,1.48,1,0.214285714,34.1,-1.265714286,1,0,1,1,1,5
14.5,22,34,43,48,7.5,19.5,28.5,33.5,1.2,1.285714286,0.714285714,33.5,-0.485714286,1,0,1,1,1,5
17,26,42,43.5,44.6,9,25,26.5,27.6,1.6,0.214285714,0.157142857,27.6,-1.442857143,1,0,1,1,1,5
18.5,29,36.5,43.5,43.8,10.5,18,25,25.3,0.75,1,0.042857143,25.3,-0.707142857,1,0,1,1,1,5
17,22,49,52,52.5,5,32,35,35.5,2.7,0.428571429,0.071428571,35.5,-2.628571429,1,0,1,1,1,5
14,26,38.5,46,49.3,12,24.5,32,35.3,1.25,1.071428571,0.471428571,35.3,-0.778571429,1,0,1,1,1,5
15.3,23.5,37.7,45,45.7,8.2,22.4,29.7,30.4,1.42,1.042857143,0.1,30.4,-1.32,1,0,1,1,1,5
18.5,23,40.3,43.5,46,4.5,21.8,25,27.5,1.73,0.457142857,0.357142857,27.5,-1.372857143,1,0,1,1,1,7
20,25.5,42,45.5,48.8,5.5,22,25.5,28.8,1.65,0.5,0.471428571,28.8,-1.178571429,1,0,1,1,1,7
17,26.7,39.3,41,44.5,9.7,22.3,24,27.5,1.26,0.242857143,0.5,27.5,-0.76,1,0,1,1,1,7
20.2,22.5,45,48,50,2.3,24.8,27.8,29.8,2.25,0.428571429,0.285714286,29.8,-1.964285714,1,0,1,1,1,7
13,16,30.1,30.5,30.8,3,17.1,17.5,17.8,1.41,0.057142857,0.042857143,17.8,-1.367142857,1,0,1,1,1,7
21,26,39.7,47,50,5,18.7,26,29,1.37,1.042857143,0.428571429,29,-0.941428571,1,0,1,1,1,7
21,29,46.8,50,52,8,25.8,29,31,1.78,0.457142857,0.285714286,31,-1.494285714,1,0,1,1,1,7
18,23,36.2,39.5,41,5,18.2,21.5,23,1.32,0.471428571,0.214285714,23,-1.105714286,1,0,1,1,1,7
19,23.5,32,37.2,37.5,4.5,13,18.2,18.5,0.85,0.742857143,0.042857143,18.5,-0.807142857,1,0,1,1,1,7
19.4,27,33,37,38,7.6,13.6,17.6,18.6,0.6,0.571428571,0.142857143,18.6,-0.457142857,1,0,1,1,1,7
18,25,38,47,48,7,20,29,30,1.3,1.285714286,0.142857143,30,-1.157142857,1,0,1,1,1,7
21,27.5,45,50.5,51.5,6.5,24,29.5,30.5,1.75,0.785714286,0.142857143,30.5,-1.607142857,1,0,1,1,1,7
15,24,35,41,44,9,20,26,29,1.1,0.857142857,0.428571429,29,-0.671428571,1,0,1,1,1,2
18.5,28.5,41,44.5,45.5,10,22.5,26,27,1.25,0.5,0.142857143,27,-1.107142857,1,0,1,1,1,2
22,25.5,40,42,42.5,3.5,18,20,20.5,1.45,0.285714286,0.071428571,20.5,-1.378571429,1,0,1,1,1,2
22.5,28,40,42.3,42.5,5.5,17.5,19.8,20,1.2,0.328571429,0.028571429,20,-1.171428571,1,0,1,1,1,2
17,25,39,43.9,44,8,22,26.9,27,1.4,0.7,0.014285714,27,-1.385714286,1,0,1,1,1,2
22.8,25.5,38.6,41,41.5,2.7,15.8,18.2,18.7,1.31,0.342857143,0.071428571,18.7,-1.238571429,1,0,1,1,1,2
22.5,28.5,36,44.9,51,6,13.5,22.4,28.5,0.75,1.271428571,0.871428571,28.5,0.121428571,1,0,1,1,1,2
19,27,46,48,48.7,8,27,29,29.7,1.9,0.285714286,0.1,29.7,-1.8,1,0,1,1,1,2
22,27,39.3,41.3,41.7,5,17.3,19.3,19.7,1.23,0.285714286,0.057142857,19.7,-1.172857143,1,0,1,1,1,2
17.2,26,33,37.5,38,8.8,15.8,20.3,20.8,0.7,0.642857143,0.071428571,20.8,-0.628571429,1,0,1,1,1,2
13,10.775,15.4375,0,0,-3.6125,-4.8,-13,-13,0.46625,-2.205357143,0,-13,-0.46625,1,0,1,1,1,2
21.7,26,36.5,47,52.8,4.3,14.8,25.3,31.1,1.05,1.5,0.828571429,31.1,-0.221428571,1,0,1,1,1,2
14,30,38.5,43,44.6,16,24.5,29,30.6,0.85,0.642857143,0.228571429,30.6,-0.621428571,1,0,1,1,1,1
16.3,29.7,47.8,54,54.5,13.4,31.5,37.7,38.2,1.81,0.885714286,0.071428571,38.2,-1.738571429,1,0,1,1,1,1
17.5,29.5,45.6,46.4,46.9,12,28.1,28.9,29.4,1.61,0.114285714,0.071428571,29.4,-1.538571429,1,0,1,1,1,1
18,29.2,40,43,47.2,11.2,22,25,29.2,1.08,0.428571429,0.6,29.2,-0.48,1,0,1,1,1,1
18.9,29,46.3,48.6,50.8,10.1,27.4,29.7,31.9,1.73,0.328571429,0.314285714,31.9,-1.415714286,1,0,1,1,1,1
15.5,30,48.6,50,53.8,14.5,33.1,34.5,38.3,1.86,0.2,0.542857143,38.3,-1.317142857,1,0,1,1,1,1
13.5,21.5,46,48,48.5,8,32.5,34.5,35,2.45,0.285714286,0.071428571,35,-2.378571429,1,0,1,1,1,1
15,31,44.4,47.4,47.8,16,29.4,32.4,32.8,1.34,0.428571429,0.057142857,32.8,-1.282857143,1,0,1,1,1,1
16.6,30,40.2,42.5,43,13.4,23.6,25.9,26.4,1.02,0.328571429,0.071428571,26.4,-0.948571429,1,0,1,1,1,1
12,21,47,51.2,57.5,9,34.4,39.2,45.5,2.6,0.6,0.9,45.5,-1.7,1,0,1,1,1,1
15,20,34,37,43.5,5,19,22,28.5,1.4,0.428571429,0.928571429,28.5,-0.471428571,1,0,1,1,1,1
16.7,30,45.2,47,47.5,13.3,28.5,30.3,30.8,1.52,0.257142857,0.071428571,30.8,-1.448571429,1,0,1,1,1,1
15,25.5,38,40,45.6,10.5,23,25,30.6,1.25,0.285714286,0.8,30.6,-0.45,1,0,1,1,1,0
18.5,30.3,48,52.6,54.3,11.8,29.5,34.1,35.8,1.77,0.657142857,0.242857143,35.8,-1.527142857,1,0,1,1,1,0
18,29,38.5,52.5,53.4,11,20.5,34.5,35.4,0.95,2,0.128571429,35.4,-0.821428571,1,0,1,1,1,0
17,29.7,38.5,48,48.5,12.7,21.5,31,31.5,0.88,1.357142857,0.071428571,31.5,-0.808571429,1,0,1,1,1,0
17,24,39.7,47.5,50.3,7,22.7,30.5,33.3,1.57,1.114285714,0.4,33.3,-1.17,1,0,1,1,1,0
16,24,37,43,44,8,21,27,28,1.3,0.857142857,0.142857143,28,-1.157142857,1,0,1,1,1,0
18,21.5,34,39.6,45.5,3.5,16,21.6,27.5,1.25,0.8,0.842857143,27.5,-0.407142857,1,0,1,1,1,0
20,24.5,31.5,48,49.3,4.5,11.5,28,29.3,0.7,2.357142857,0.185714286,29.3,-0.514285714,1,0,1,1,1,0
17,21,41.2,46,45.5,4,24.2,29,28.5,2.02,0.685714286,-0.071428571,28.5,-2.091428571,1,0,1,1,1,0
19,26,40,43.3,48,7,21,24.3,29,1.4,0.471428571,0.671428571,29,-0.728571429,1,0,1,1,1,0
5.75,10.775,15.4375,0,0,-3.6125,-4,-4,-4,0.46625,-2.205357143,0,-5.75,-0.46625,1,0,1,1,1,0
17,26,39.5,46,51,9,22.5,29,34,1.35,0.928571429,0.714285714,34,-0.635714286,1,0,1,1,1,0
19.5,27.5,29.1,0,0,8,9.6,0,0,0.16,-4.157142857,0,-19.5,-0.16,0.333333333,1,1,0,0,5
17.5,28.6,29.1,29,0,11.1,11.6,11.5,0,0.05,-0.014285714,-4.142857143,-17.5,-4.192857143,0.666666667,1,1,1,0,5
19.3,28.9,30.2,31,32.5,9.6,10.9,11.7,13.2,0.13,0.114285714,0.214285714,13.2,0.084285714,1,1,1,1,1,5
20.4,24.5,33.5,34.5,35.5,4.1,13.1,14.1,15.1,0.9,0.142857143,0.142857143,15.1,-0.757142857,1,1,1,1,1,5
16.4,27.5,28.5,28.8,0,11.1,12.1,12.4,0,0.1,0.042857143,-4.114285714,-16.4,-4.214285714,0.666666667,1,1,1,0,5
14,24.8,34,35,0,10.8,20,21,0,0.92,0.142857143,-5,-14,-5.92,0.666666667,1,1,1,0,5
19.3,27.7,28.4,0,0,8.4,9.1,0,0,0.07,-4.057142857,0,-19.3,-0.07,0.333333333,1,1,0,0,5
16.8,27,28.2,28.5,0,10.2,11.4,11.7,0,0.12,0.042857143,-4.071428571,-16.8,-4.191428571,0.666666667,1,1,1,0,5
17.4,30.5,36,36.2,0,13.1,18.6,18.8,0,0.55,0.028571429,-5.171428571,-17.4,-5.721428571,0.666666667,1,1,1,0,5
21,25.2,37,37.5,37.7,4.2,16,16.5,16.7,1.18,0.071428571,0.028571429,16.7,-1.151428571,1,1,1,1,1,5
12.5,15.5,33,0,0,3,14.9,0,0,1.75,-4.714285714,0,-12.5,-1.75,0,1,0,0,0,5
20.5,27.7,27.9,28.1,0,7.2,7.4,7.6,0,0.02,0.028571429,-4.014285714,-20.5,-4.034285714,0.666666667,1,1,1,0,5
18,28.2,29.2,0,0,10.2,11.2,0,0,0.1,-4.171428571,0,-18,-0.1,0.333333333,1,1,0,0,2
17,24.1,28.8,29,0,7.1,11.8,12,0,0.47,0.028571429,-4.142857143,-17,-4.612857143,0.666666667,1,1,1,0,2
16.5,24.3,30.4,30.5,0,7.8,13.9,14,0,0.61,0.014285714,-4.357142857,-16.5,-4.967142857,0.666666667,1,1,1,0,2
19.1,25.2,30.1,31,0,6.1,11,11.9,0,0.49,0.128571429,-4.428571429,-19.1,-4.918571429,0.666666667,1,1,1,0,2
21.5,31.2,35,38.5,0,9.7,13.5,17,0,0.38,0.5,-5.5,-21.5,-5.88,0.666666667,1,1,1,0,2
17.3,20,32.5,0,0,2.7,15.2,0,0,1.25,-4.642857143,0,-17.3,-1.25,0.333333333,1,1,0,0,2
20,28.1,28.7,0,0,8.1,8.7,0,0,0.06,-4.1,0,-20,-0.06,0.333333333,1,1,0,0,2
22,24.6,29,0,0,2.6,7,0,0,0.44,-4.142857143,0,-22,-0.44,0.333333333,1,1,0,0,2
15,19,31.5,0,0,4,13.1,0,0,1.25,-4.5,0,-15,-1.25,0,1,0,0,0,2
20.5,29.6,32.5,32.6,0,9.1,12,12.1,0,0.29,0.014285714,-4.657142857,-20.5,-4.947142857,0.666666667,1,1,1,0,2
17.3,24.6,30,32,0,7.3,12.7,14.7,0,0.54,0.285714286,-4.571428571,-17.3,-5.111428571,0.666666667,1,1,1,0,2
17.1,27,28.5,31.5,0,9.9,11.4,14.4,0,0.15,0.428571429,-4.5,-17.1,-4.65,0.666666667,1,1,1,0,2
18.5,28.2,30,0,0,9.7,11.5,0,0,0.18,-4.285714286,0,-18.5,-0.18,0.333333333,1,1,0,0,0
18,29.4,30,0,0,11.4,12,0,0,0.06,-4.285714286,0,-18,-0.06,0.333333333,1,1,0,0,0
13.9,22,22.5,0,0,8.1,8.6,0,0,0.05,-3.214285714,0,-13.9,-0.05,0.333333333,1,1,0,0,0
20.1,32.1,35,39.5,39.5,12,14.9,19.4,19.4,0.29,0.642857143,0,19.4,-0.29,1,1,1,1,1,0
20.1,31.5,37,37.2,0,11.4,16.9,17.1,0,0.55,0.028571429,-5.314285714,-20.1,-5.864285714,0.666666667,1,1,1,0,0
17.2,31.2,32,32.5,0,14,14.8,15.3,0,0.08,0.071428571,-4.642857143,-17.2,-4.722857143,0.666666667,1,1,1,0,0
19.5,25.6,25.9,0,0,6.1,6.4,0,0,0.03,-3.7,0,-19.5,-0.03,0.333333333,1,1,0,0,0
19,29.1,30.5,0,0,10.1,11.5,0,0,0.14,-4.357142857,0,-19,-0.14,0.333333333,1,1,0,0,0
5.75,10.775,33.85,0,0,-3,16,0,0,2.3075,-4.835714286,0,-5.75,-2.3075,0,1,0,0,0,0
22,30.6,35.2,42,0,8.6,13.2,20,0,0.46,0.971428571,-6,-22,-6.46,0.666666667,1,1,1,0,0
20.3,30.2,38,39.4,0,9.9,17.7,19.1,0,0.78,0.2,-5.628571429,-20.3,-6.408571429,0.666666667,1,1,1,0,0
17,28.3,33,33.9,0,11.3,16,16.9,0,0.47,0.128571429,-4.842857143,-17,-5.312857143,0.666666667,1,1,1,0,0
20.4,29.2,31.1,0,0,8.8,10.7,0,0,0.19,-4.442857143,0,-20.4,-0.19,0.333333333,1,1,0,0,9
19.5,24.1,31.6,0,0,4.6,12.1,0,0,0.75,-4.514285714,0,-19.5,-0.75,0.333333333,1,1,0,0,9
23,29.1,33.5,34.8,0,6.1,10.5,11.8,0,0.44,0.185714286,-4.971428571,-23,-5.411428571,0.666666667,1,1,1,0,9
21.3,29.6,33.5,34,0,8.3,12.2,12.7,0,0.39,0.071428571,-4.857142857,-21.3,-5.247142857,0.666666667,1,1,1,0,9
22.1,27.5,37,0,0,5.4,14.9,0,0,0.95,-5.285714286,0,-22.1,-0.95,0.333333333,1,1,0,0,9
20.3,27.7,31.4,34.5,0,7.4,11.1,14.2,0,0.37,0.442857143,-4.928571429,-20.3,-5.298571429,0.666666667,1,1,1,0,9
13.1,22.4,24.7,0,0,9.3,11.6,0,0,0.23,-3.528571429,0,-13.1,-0.23,0.333333333,1,1,0,0,9
19,25.7,30.5,0,0,6.7,11.5,0,0,0.48,-4.357142857,0,-19,-0.48,0.333333333,1,1,0,0,9
21.5,30,34.5,0,0,8.5,13,0,0,0.45,-4.928571429,0,-21.5,-0.45,0.333333333,1,1,0,0,9
19.3,29,36,36.2,0,9.7,16.7,16.9,0,0.7,0.028571429,-5.171428571,-19.3,-5.871428571,0.666666667,1,1,1,0,9
21,23.5,39,39.2,0,2.5,18,18.2,0,1.55,0.028571429,-5.6,-21,-7.15,0.666666667,1,1,1,0,9
20.3,29.6,37,0,0,9.3,16.7,0,0,0.74,-5.285714286,0,-20.3,-0.74,0.333333333,1,1,0,0,9
14,27.2,30,0,0,13.2,16,0,0,0.28,-4.285714286,0,-14,-0.28,0.333333333,1,1,0,0,7
18.3,26.4,27.3,0,0,8.1,9,0,0,0.09,-3.9,0,-18.3,-0.09,0.333333333,1,1,0,0,7
20,26.2,28,28.9,0,6.2,8,8.9,0,0.18,0.128571429,-4.128571429,-20,-4.308571429,0.666666667,1,1,1,0,7
21.5,29.1,32,33,0,7.6,10.5,11.5,0,0.29,0.142857143,-4.714285714,-21.5,-5.004285714,0.666666667,1,1,1,0,7
17,29.3,32,36,0,12.3,15,19,0,0.27,0.571428571,-5.142857143,-17,-5.412857143,0.666666667,1,1,1,0,7
15.5,24.5,27.9,29.3,0,9,12.4,13.8,0,0.34,0.2,-4.185714286,-15.5,-4.525714286,0.666666667,1,1,1,0,7
20,23,23.5,0,0,3,3.5,0,0,0.05,-3.357142857,0,-20,-0.05,0.333333333,1,1,0,0,7
18.3,24.5,26.2,0,0,6.2,7.9,0,0,0.17,-3.742857143,0,-18.3,-0.17,0.333333333,1,1,0,0,7
17,25,26.5,0,0,8,9.5,0,0,0.15,-3.785714286,0,-17,-0.15,0.333333333,1,1,0,0,7
18.9,27.5,33,0,0,8.6,14.1,0,0,0.55,-4.714285714,0,-18.9,-0.55,0.333333333,1,1,0,0,7
20.5,26.5,33,33.5,0,6,12.5,13,0,0.65,0.071428571,-4.785714286,-20.5,-5.435714286,0.666666667,1,1,1,0,7
14.9,27.7,30.5,31,0,12.8,15.6,16.1,0,0.28,0.071428571,-4.428571429,-14.9,-4.708571429,0.666666667,1,1,1,0,7
17,25.5,26,0,0,8.5,9,0,0,0.05,-3.714285714,0,-17,-0.05,0.333333333,1,1,0,0,1
19.5,27.6,28.8,30.3,0,8.1,9.3,10.8,0,0.12,0.214285714,-4.328571429,-19.5,-4.448571429,0.666666667,1,1,1,0,1
21,34.1,35,41.5,41.7,13.1,14,20.5,20.7,0.09,0.928571429,0.028571429,20.7,-0.061428571,1,1,1,1,1,1
21.5,29.4,35.5,38,40,7.9,14,16.5,18.5,0.61,0.357142857,0.285714286,18.5,-0.324285714,1,1,1,1,1,1
21,34.6,38,0,0,13.6,17,0,0,0.34,-5.428571429,0,-21,-0.34,0.333333333,1,1,0,0,1
23.5,28.3,32.5,0,0,4.8,9,0,0,0.42,-4.642857143,0,-23.5,-0.42,0.333333333,1,1,0,0,1
22,31.4,33.5,33.8,0,9.4,11.5,11.8,0,0.21,0.042857143,-4.828571429,-22,-5.038571429,0.666666667,1,1,1,0,1
18.6,27.2,28,0,0,8.6,9.4,0,0,0.08,-4,0,-18.6,-0.08,0.333333333,1,1,0,0,1
24,27,28,35.6,0,3,4,11.6,0,0.1,1.085714286,-5.085714286,-24,-5.185714286,0.666666667,1,1,1,0,1
22,27.5,33.3,33.6,0,5.5,11.3,11.6,0,0.58,0.042857143,-4.8,-22,-5.38,0.666666667,1,1,1,0,1
13.5,19.2,27.2,0,0,5.7,13.7,0,0,0.8,-3.885714286,0,-13.5,-0.8,0.333333333,1,1,0,0,1
18.6,32.4,37.5,0,0,13.8,18.9,0,0,0.51,-5.357142857,0,-18.6,-0.51,0.333333333,1,1,0,0,1
17,27.2,28.8,29,32,10.2,11.8,12,15,0.16,0.028571429,0.428571429,15,0.268571429,1,1,1,1,1,6
17.6,27.1,30,32.9,37,9.5,12.4,15.3,19.4,0.29,0.414285714,0.585714286,19.4,0.295714286,1,1,1,1,1,6
19.8,25,30.5,31,31.5,5.2,10.7,11.2,11.7,0.55,0.071428571,0.071428571,11.7,-0.478571429,1,1,1,1,1,6
21,29.5,32.5,33,39.6,8.5,11.5,12,18.6,0.3,0.071428571,0.942857143,18.6,0.642857143,1,1,1,1,1,6
17,33,33.3,34.9,38.4,16,16.3,17.9,21.4,0.03,0.228571429,0.5,21.4,0.47,1,1,1,1,1,6
20.1,29.5,31,33.3,0,9.4,10.9,13.2,0,0.15,0.328571429,-4.757142857,-20.1,-4.907142857,0.666666667,1,1,1,0,6
19.5,29.2,30.1,30.7,0,9.7,10.6,11.2,0,0.09,0.085714286,-4.385714286,-19.5,-4.475714286,0.666666667,1,1,1,0,6
19.5,30.5,30.7,30.8,33.5,11,11.2,11.3,14,0.02,0.014285714,0.385714286,14,0.365714286,1,1,1,1,1,6
15.6,29.5,33,33.3,32.5,13.9,17.4,17.7,16.9,0.35,0.042857143,-0.114285714,16.9,-0.464285714,1,1,1,1,1,6
18.6,28.3,30.9,34.6,0,9.7,12.3,16,0,0.26,0.528571429,-4.942857143,-18.6,-5.202857143,0.666666667,1,1,1,0,6
21,30,31.3,33.8,38,9,10.3,12.8,17,0.13,0.357142857,0.6,17,0.47,1,1,1,1,1,6
17.5,29.5,30.5,32.1,0,12,13,14.6,0,0.1,0.228571429,-4.585714286,-17.5,-4.685714286,0.666666667,1,1,1,0,6
11,19.5,29.2,0,0,8.5,18.2,0,0,0.97,-4.171428571,0,-11,-0.97,0.333333333,1,1,0,0,4
13.2,31.2,32.3,0,0,18,19.1,0,0,0.11,-4.614285714,0,-13.2,-0.11,0.333333333,1,1,0,0,4
17.5,29,30.6,0,0,11.5,13.1,0,0,0.16,-4.371428571,0,-17.5,-0.16,0.333333333,1,1,0,0,4
19.5,29.5,30.2,31.6,0,10,10.7,12.1,0,0.07,0.2,-4.514285714,-19.5,-4.584285714,0.666666667,1,1,1,0,4
17.2,26,37,0,0,8.8,19.8,0,0,1.1,-5.285714286,0,-17.2,-1.1,0.333333333,1,1,0,0,4
18,27.2,29,0,0,9.2,11,0,0,0.18,-4.142857143,0,-18,-0.18,0.333333333,1,1,0,0,4
15.6,25.3,25.5,28.5,31,9.7,9.9,12.9,15.4,0.02,0.428571429,0.357142857,15.4,0.337142857,1,1,1,1,1,4
20.1,24.3,25,0,0,4.2,4.9,0,0,0.07,-3.571428571,0,-20.1,-0.07,0.333333333,1,1,0,0,4
9,10.775,30.6,0,0,1.5,16,0,0,1.9825,-4.371428571,0,-9,-1.9825,0,1,0,0,0,4
18.4,29,30.1,31.1,0,10.6,11.7,12.7,0,0.11,0.142857143,-4.442857143,-18.4,-4.552857143,0.666666667,1,1,1,0,4
20,29.5,33.4,35.7,0,9.5,13.4,15.7,0,0.39,0.328571429,-5.1,-20,-5.49,0.666666667,1,1,1,0,4
15.4,27.7,28.5,28.6,0,12.3,13.1,13.2,0,0.08,0.014285714,-4.085714286,-15.4,-4.165714286,0.666666667,1,1,1,0,4
25,32.1,33.3,34,0,7.1,8.3,9,0,0.12,0.1,-4.857142857,-25,-4.977142857,0.666666667,1,1,1,0,8
16,27.5,29.2,34.6,0,11.5,13.2,18.6,0,0.17,0.771428571,-4.942857143,-16,-5.112857143,0.666666667,1,1,1,0,8
15.7,27.8,34,0,0,12.1,18.3,0,0,0.62,-4.857142857,0,-15.7,-0.62,0.333333333,1,1,0,0,8
17.2,31.1,36,41,44,13.9,18.8,23.8,26.8,0.49,0.714285714,0.428571429,26.8,-0.061428571,1,1,1,1,1,8
16.5,30,38,43.5,45,13.5,21.5,27,28.5,0.8,0.785714286,0.214285714,28.5,-0.585714286,1,1,1,1,1,8
15.3,29,30.2,37,37.6,13.7,14.9,21.7,22.3,0.12,0.971428571,0.085714286,22.3,-0.034285714,1,1,1,1,1,8
18,27.6,28.4,0,0,9.6,10.4,0,0,0.08,-4.057142857,0,-18,-0.08,0.333333333,1,1,0,0,8
17.3,29.4,31.7,36,0,12.1,14.4,18.7,0,0.23,0.614285714,-5.142857143,-17.3,-5.372857143,0.666666667,1,1,1,0,8
5.75,10.775,34,0,0,0,18.3,0,0,2.3225,-4.857142857,0,-5.75,-2.3225,0,1,0,0,0,8
20,27.2,31,34,0,7.2,11,14,0,0.38,0.428571429,-4.857142857,-20,-5.237142857,0.666666667,1,1,1,0,8
20.1,27,29.6,30,33,6.9,9.5,9.9,12.9,0.26,0.057142857,0.428571429,12.9,0.168571429,1,1,1,1,1,8
19,20.2,31.9,32,0,1.2,12.9,13,0,1.17,0.014285714,-4.571428571,-19,-5.741428571,0.666666667,1,1,1,0,8
22,33,36,0,0,11,14,0,0,0.3,-5.142857143,0,-22,-0.3,0.333333333,1,1,0,0,13
24,34.6,42.4,0,0,10.6,18.4,0,0,0.78,-6.057142857,0,-24,-0.78,0.333333333,1,1,0,0,13
19.8,29.2,37,0,0,9.4,17.2,0,0,0.78,-5.285714286,0,-19.8,-0.78,0.333333333,1,1,0,0,13
18.6,29.2,37,0,0,10.6,18.4,0,0,0.78,-5.285714286,0,-18.6,-0.78,0.333333333,1,1,0,0,13
21,32.6,37,0,0,11.6,16,0,0,0.44,-5.285714286,0,-21,-0.44,0.333333333,1,1,0,0,13
19,35.2,37,0,0,16.2,18,0,0,0.18,-5.285714286,0,-19,-0.18,0.333333333,1,1,0,0,13
19,30.5,39,0,0,11.5,20,0,0,0.85,-5.571428571,0,-19,-0.85,0.333333333,1,1,0,0,13
22,35.1,40,0,0,13.1,18,0,0,0.49,-5.714285714,0,-22,-0.49,0.333333333,1,1,0,0,13
21.6,29.5,39,0,0,7.9,17.4,0,0,0.95,-5.571428571,0,-21.6,-0.95,0.333333333,1,1,0,0,13
19,29.7,36,0,0,10.7,17,0,0,0.63,-5.142857143,0,-19,-0.63,0.333333333,1,1,0,0,13
19.4,10.775,39.5,0,0,-3.6125,18.4,0,0,2.8725,-5.642857143,0,-19.4,-2.8725,0,1,0,0,0,13
5.75,10.775,39.5,0,0,0,18.4,0,0,2.8725,-5.642857143,0,-5.75,-2.8725,0,1,0,0,0,13
22.5,34.6,37,0,0,12.1,14.5,0,0,0.24,-5.285714286,0,-22.5,-0.24,0.333333333,1,1,0,0,16
27.1,30.5,33.3,0,0,3.4,6.2,0,0,0.28,-4.757142857,0,-27.1,-0.28,0.333333333,1,1,0,0,16
16,31.5,40.4,40.6,0,15.5,24.4,24.6,0,0.89,0.028571429,-5.8,-16,-6.69,0.666666667,1,1,1,0,16
25,36,48,48.2,0,11,23,23.2,0,1.2,0.028571429,-6.885714286,-25,-8.085714286,0.666666667,1,1,1,0,16
22,31.4,45,45.5,0,9.4,23,23.5,0,1.36,0.071428571,-6.5,-22,-7.86,0.666666667,1,1,1,0,16
15.6,28.6,29.5,0,0,13,13.9,0,0,0.09,-4.214285714,0,-15.6,-0.09,0.333333333,1,1,0,0,16
21,32.7,41.45,0,0,11.7,23.5,0,0,0.875,-5.921428571,0,-21,-0.875,0,1,0,0,0,16
17,37.4,46.5,0,0,18.4875,29.5,0,0,0.91,-6.642857143,0,-17,-0.91,0.333333333,1,1,0,0,16
17.9,27.5,30.1,0,0,9.6,12.2,0,0,0.26,-4.3,0,-17.9,-0.26,0.333333333,1,1,0,0,16
20.3,36.1,41.45,0,0,15.8,23.5,0,0,0.535,-5.921428571,0,-20.3,-0.535,0,1,0,0,0,16
18.2,34.2,36,43,44.5,16,17.8,24.8,26.3,0.18,1,0.214285714,26.3,0.034285714,1,1,1,1,1,16
11.5,31.3,32.5,39.5,0,18.4875,21,28,0,0.12,1,-5.642857143,-11.5,-5.762857143,0.666666667,1,1,1,0,16
16.4,22.2,24.2,0,0,5.8,7.8,0,0,0.2,-3.457142857,0,-16.4,-0.2,0.333333333,1,1,0,0,12
18,23.4,23.9,24,0,5.4,5.9,6,0,0.05,0.014285714,-3.428571429,-18,-3.478571429,0.666666667,1,1,1,0,12
13.4,21.5,23,0,0,8.1,9.6,0,0,0.15,-3.285714286,0,-13.4,-0.15,0.333333333,1,1,0,0,12
15,27.2,27.4,0,0,12.2,12.4,0,0,0.02,-3.914285714,0,-15,-0.02,0.333333333,1,1,0,0,12
18,26,26,0,0,8,8,0,0,0,-3.714285714,0,-18,0,0.333333333,1,1,0,0,12
16.7,25.4,25.9,0,0,8.7,9.2,0,0,0.05,-3.7,0,-16.7,-0.05,0.333333333,1,1,0,0,12
14,22.2,22.3,0,0,8.2,8.3,0,0,0.01,-3.185714286,0,-14,-0.01,0.333333333,1,1,0,0,12
17,25,25.5,0,0,8,8.5,0,0,0.05,-3.642857143,0,-17,-0.05,0.333333333,1,1,0,0,12
16,24.7,26,32.1,0,8.7,10,16.1,0,0.13,0.871428571,-4.585714286,-16,-4.715714286,0.666666667,1,1,1,0,12
9.5,19.6,19.7,23,0,10.1,10.2,13.5,0,0.01,0.471428571,-3.285714286,-9.5,-3.295714286,0.666666667,1,1,1,0,12
17,26.5,26.8,0,0,9.5,9.8,0,0,0.03,-3.828571429,0,-17,-0.03,0.333333333,1,1,0,0,12
14.2,24.2,25.4,0,0,10,11.2,0,0,0.12,-3.628571429,0,-14.2,-0.12,0.333333333,1,1,0,0,12
20,28.2,30.7,0,0,8.2,10.7,0,0,0.25,-4.385714286,0,-20,-0.25,0.333333333,1,1,0,0,7
18.2,23.2,28.5,0,0,5,10.3,0,0,0.53,-4.071428571,0,-18.2,-0.53,0.333333333,1,1,0,0,7
19.2,25.5,29.3,0,0,6.3,10.1,0,0,0.38,-4.185714286,0,-19.2,-0.38,0.333333333,1,1,0,0,7
16.4,26.2,31.3,0,0,9.8,15.2,0,0,0.51,-4.471428571,0,-16.4,-0.51,0,1,0,0,0,7
19,26.6,27,27.4,0,7.6,8,8.4,0,0.04,0.057142857,-3.914285714,-19,-3.954285714,0.666666667,1,1,1,0,7
17,26,30.3,0,0,9,13.3,0,0,0.43,-4.328571429,0,-17,-0.43,0.333333333,1,1,0,0,7
20,28,29,0,0,8,9,0,0,0.1,-4.142857143,0,-20,-0.1,0.333333333,1,1,0,0,7
18.2,25,29,0,0,6.8,10.8,0,0,0.4,-4.142857143,0,-18.2,-0.4,0.333333333,1,1,0,0,7
19.4,28.5,26,28,31.5,9.1,6.6,8.6,12.1,-0.25,0.285714286,0.5,12.1,0.75,1,1,1,1,1,7
7,13.7,29,29.5,0,6.7,22,22.5,0,1.53,0.071428571,-4.214285714,-7,-5.744285714,0.666666667,1,1,1,0,7
18.5,22.3,26.5,0,0,3.8,8,0,0,0.42,-3.785714286,0,-18.5,-0.42,0.333333333,1,1,0,0,7
19.6,29,30.3,0,0,9.4,10.7,0,0,0.13,-4.328571429,0,-19.6,-0.13,0.333333333,1,1,0,0,7
17.2,28.5,29.2,0,0,11.3,12,0,0,0.07,-4.171428571,0,-17.2,-0.07,0.333333333,1,1,0,0,0
21.5,33.5,34,34.3,0,12,12.5,12.8,0,0.05,0.042857143,-4.9,-21.5,-4.95,0.666666667,1,1,1,0,0
19.5,26.5,30.2,31.6,34.3,7,10.7,12.1,14.8,0.37,0.2,0.385714286,14.8,0.015714286,1,1,1,1,1,0
21.6,32.7,35,0,0,11.1,13.4,0,0,0.23,-5,0,-21.6,-0.23,0.333333333,1,1,0,0,0
21,33.4,33.7,33.8,0,12.4,12.7,12.8,0,0.03,0.014285714,-4.828571429,-21,-4.858571429,0.666666667,1,1,1,0,0
20.7,32.4,34.3,0,0,11.7,13.6,0,0,0.19,-4.9,0,-20.7,-0.19,0.333333333,1,1,0,0,0
5.75,10.775,33.85,0,0,0,16,0,0,2.3075,-4.835714286,0,-5.75,-2.3075,0,1,0,0,0,0
16,27,29,30.4,30.7,11,13,14.4,14.7,0.2,0.2,0.042857143,14.7,-0.157142857,1,1,1,1,1,0
17.5,29.2,31.5,31.7,34,11.7,14,14.2,16.5,0.23,0.028571429,0.328571429,16.5,0.098571429,1,1,1,1,1,0
14.5,27,27.5,29.5,32.6,12.5,13,15,18.1,0.05,0.285714286,0.442857143,18.1,0.392857143,1,1,1,1,1,0
5.75,10.775,33.85,0,0,0,16,0,0,2.3075,-4.835714286,0,-5.75,-2.3075,0,1,0,0,0,0
20.5,33.6,34.1,0,0,13.1,13.6,0,0,0.05,-4.871428571,0,-20.5,-0.05,0.333333333,1,1,0,0,0
19,25.3,25.5,0,0,6.3,6.5,0,0,0.02,-3.642857143,0,-19,-0.02,0.333333333,1,1,0,0,9
21.1,23.5,26.6,27,0,2.4,5.5,5.9,0,0.31,0.057142857,-3.857142857,-21.1,-4.167142857,0.666666667,1,1,1,0,9
22,27.3,29.3,0,0,5.3,7.3,0,0,0.2,-4.185714286,0,-22,-0.2,0.333333333,1,1,0,0,9
23,28.4,30.6,0,0,5.4,7.6,0,0,0.22,-4.371428571,0,-23,-0.22,0.333333333,1,1,0,0,9
23.3,33.2,36,0,0,9.9,12.7,0,0,0.28,-5.142857143,0,-23.3,-0.28,0.333333333,1,1,0,0,9
20,31.2,33,0,0,11.2,13,0,0,0.18,-4.714285714,0,-20,-0.18,0.333333333,1,1,0,0,9
5.75,10.775,34.5,0,0,0,16.1,0,0,2.3725,-4.928571429,0,-5.75,-2.3725,0,1,0,0,0,9
5.75,10.775,34.5,0,0,0,16.1,0,0,2.3725,-4.928571429,0,-5.75,-2.3725,0,1,0,0,0,9
5.75,10.775,34.5,0,0,0,16.1,0,0,2.3725,-4.928571429,0,-5.75,-2.3725,0,1,0,0,0,9
5.75,10.775,34.5,0,0,0,16.1,0,0,2.3725,-4.928571429,0,-5.75,-2.3725,0,1,0,0,0,9
5.75,10.775,34.5,0,0,0,16.1,0,0,2.3725,-4.928571429,0,-5.75,-2.3725,0,1,0,0,0,9
5.75,10.775,34.5,0,0,0,16.1,0,0,2.3725,-4.928571429,0,-5.75,-2.3725,0,1,0,0,0,9
18,35.7,38,0,0,17.7,20,0,0,0.23,-5.428571429,0,-18,-0.23,0.333333333,1,1,0,0,1
14.8,19,19.6,0,0,4.2,4.8,0,0,0.06,-2.8,0,-14.8,-0.06,0.333333333,1,1,0,0,1
23.1,22.1,30.2,30.5,0,-1,7.1,7.4,0,0.81,0.042857143,-4.357142857,-23.1,-5.167142857,0.666666667,1,1,1,0,1
22,25.2,31,37.6,38,3.2,9,15.6,16,0.58,0.942857143,0.057142857,16,-0.522857143,1,1,1,1,1,1
23.5,32.5,34,35.6,36.2,9,10.5,12.1,12.7,0.15,0.228571429,0.085714286,12.7,-0.064285714,1,1,1,1,1,1
23.7,24.4,33.5,0,0,0.7,9.8,0,0,0.91,-4.785714286,0,-23.7,-0.91,0.333333333,1,1,0,0,1
21.4,25.4,29,0,0,4,7.6,0,0,0.36,-4.142857143,0,-21.4,-0.36,0.333333333,1,1,0,0,1
12,22.6,28,0,0,10.6,16,0,0,0.54,-4,0,-12,-0.54,0.333333333,1,1,0,0,1
18.5,28.2,28,0,0,9.7,9.5,0,0,-0.02,-4,0,-18.5,0.02,0.333333333,1,1,0,0,1
5.75,10.775,34.7,0,0,0,16.5,0,0,2.3925,-4.957142857,0,-5.75,-2.3925,0,1,0,0,0,1
5.75,10.775,34.7,0,0,0,16.5,0,0,2.3925,-4.957142857,0,-5.75,-2.3925,0,1,0,0,0,1
21,32.2,34.2,0,0,11.2,13.2,0,0,0.2,-4.885714286,0,-21,-0.2,0.333333333,1,1,0,0,1
15,21.2,22.2,0,0,6.2,7.2,0,0,0.1,-3.171428571,0,-15,-0.1,0.333333333,1,1,0,0,5
14,27,29,0,0,13,15,0,0,0.2,-4.142857143,0,-14,-0.2,0.333333333,1,1,0,0,5
21,30.5,31.2,0,0,9.5,10.2,0,0,0.07,-4.457142857,0,-21,-0.07,0.333333333,1,1,0,0,5
19.7,21.7,22.5,23.5,28,2,2.8,3.8,8.3,0.08,0.142857143,0.642857143,8.3,0.562857143,1,1,1,1,1,5
19.4,27.4,27.6,29.7,30,8,8.2,10.3,10.6,0.02,0.3,0.042857143,10.6,0.022857143,1,1,1,1,1,5
19,30,33.2,38,39.5,11,14.2,19,20.5,0.32,0.685714286,0.214285714,20.5,-0.105714286,1,1,1,1,1,5
19,27.6,29,0,0,8.6,10,0,0,0.14,-4.142857143,0,-19,-0.14,0.333333333,1,1,0,0,5
19.2,23,25.7,0,0,3.8,6.5,0,0,0.27,-3.671428571,0,-19.2,-0.27,0.333333333,1,1,0,0,5
18.2,25.5,30.1,0,0,7.3,11.9,0,0,0.46,-4.3,0,-18.2,-0.46,0.333333333,1,1,0,0,5
16.5,26.4,26.8,0,0,9.9,10.3,0,0,0.04,-3.828571429,0,-16.5,-0.04,0.333333333,1,1,0,0,5
20,28,29.1,0,0,8,9.1,0,0,0.11,-4.157142857,0,-20,-0.11,0.333333333,1,1,0,0,5
20.5,31.6,33,34.4,38,11.1,12.5,13.9,17.5,0.14,0.2,0.514285714,17.5,0.374285714,1,1,1,1,1,5
19.5,24.5,31.4,0,0,5,11.9,0,0,0.69,-4.485714286,0,-19.5,-0.69,0.333333333,1,1,0,0,2
17.5,20.1,20.5,0,0,2.6,3,0,0,0.04,-2.928571429,0,-17.5,-0.04,0.333333333,1,1,0,0,2
14.7,22.3,26.5,0,0,7.6,11.8,0,0,0.42,-3.785714286,0,-14.7,-0.42,0.333333333,1,1,0,0,2
19.5,28.5,29,35.6,40.5,9,9.5,16.1,21,0.05,0.942857143,0.7,21,0.65,1,1,1,1,1,2
21,26,31,0,0,5,10,0,0,0.5,-4.428571429,0,-21,-0.5,0.333333333,1,1,0,0,2
19.8,29.1,29.5,33.8,36,9.3,9.7,14,16.2,0.04,0.614285714,0.314285714,16.2,0.274285714,1,1,1,1,1,2
12.7,15.2,18.5,0,0,2.5,5.8,0,0,0.33,-2.642857143,0,-12.7,-0.33,0.333333333,1,1,0,0,2
11,25.5,29,0,0,14.5,18,0,0,0.35,-4.142857143,0,-11,-0.35,0.333333333,1,1,0,0,2
18.8,26.2,27.3,0,0,7.4,8.5,0,0,0.11,-3.9,0,-18.8,-0.11,0.333333333,1,1,0,0,2
20.7,30.1,33,0,0,9.4,12.3,0,0,0.29,-4.714285714,0,-20.7,-0.29,0.333333333,1,1,0,0,2
17.4,29.1,30,0,0,11.7,12.6,0,0,0.09,-4.285714286,0,-17.4,-0.09,0.333333333,1,1,0,0,2
17.5,30.1,31.5,38.3,39.5,12.6,14,20.8,22,0.14,0.971428571,0.171428571,22,0.031428571,1,1,1,1,1,2
23.5,32.2,32.3,0,0,8.7,8.8,0,0,0.01,-4.614285714,0,-23.5,-0.01,0.333333333,1,1,0,0,15
20.1,27.3,33,0,0,7.2,16.8,0,0,0.57,-4.714285714,0,-20.1,-0.57,0,1,0,0,0,15
23.1,28,33,0,0,4.9,16.8,0,0,0.5,-4.714285714,0,-23.1,-0.5,0,1,0,0,0,15
11.1,12.5,33,0,0,1.4,16.8,0,0,2.05,-4.714285714,0,-11.1,-2.05,0,1,0,0,0,15
20,27,33,0,0,7,16.8,0,0,0.6,-4.714285714,0,-20,-0.6,0,1,0,0,0,15
18.2,34.2,37,0,0,16,18.8,0,0,0.28,-5.285714286,0,-18.2,-0.28,0.333333333,1,1,0,0,15
22,23.7,33,0,0,1.7,16.8,0,0,0.93,-4.714285714,0,-22,-0.93,0,1,0,0,0,15
5.75,10.775,33,0,0,0,16.8,0,0,2.2225,-4.714285714,0,-5.75,-2.2225,0,1,0,0,0,15
15.6,22.2,33,0,0,6.6,16.8,0,0,1.08,-4.714285714,0,-15.6,-1.08,0,1,0,0,0,15
19.3,23.4,33,0,0,4.1,16.8,0,0,0.96,-4.714285714,0,-19.3,-0.96,0,1,0,0,0,15
18.2,27.1,33,0,0,8.9,16.8,0,0,0.59,-4.714285714,0,-18.2,-0.59,0,1,0,0,0,15
18.2,28.1,31.4,0,0,9.9,13.2,0,0,0.33,-4.485714286,0,-18.2,-0.33,0.333333333,1,1,0,0,15
19,28.3,32.2,0,0,9.3,13.2,0,0,0.39,-4.6,0,-19,-0.39,0.333333333,1,1,0,0,14
15.5,30,30.5,0,0,14.5,15,0,0,0.05,-4.357142857,0,-15.5,-0.05,0.333333333,1,1,0,0,14
21,35.3,37,0,0,14.3,16,0,0,0.17,-5.285714286,0,-21,-0.17,0.333333333,1,1,0,0,14
5.75,10.775,15.4375,0,0,0,0,0,0,0.46625,-2.205357143,0,-5.75,-0.46625,0,1,0,0,0,14
13.3,19.1,24.5,0,0,5.8,11.2,0,0,0.54,-3.5,0,-13.3,-0.54,0.333333333,1,1,0,0,14
5.75,10.775,15.4375,0,0,0,0,0,0,0.46625,-2.205357143,0,-5.75,-0.46625,0,1,0,0,0,14
13.5,20,15.4375,0,0,6.5,0,0,0,-0.45625,-2.205357143,0,-13.5,0.45625,0,1,0,0,0,14
5.75,10.775,15.4375,0,0,0,0,0,0,0.46625,-2.205357143,0,-5.75,-0.46625,0,1,0,0,0,14
6,14.7,15.4375,0,0,8.7,0,0,0,0.07375,-2.205357143,0,-6,-0.07375,0,1,0,0,0,14
5.75,10.775,15.4375,0,0,0,0,0,0,0.46625,-2.205357143,0,-5.75,-0.46625,0,1,0,0,0,14
5.75,10.775,15.4375,0,0,0,0,0,0,0.46625,-2.205357143,0,-5.75,-0.46625,0,1,0,0,0,14
5.75,10.775,15.4375,0,0,0,0,0,0,0.46625,-2.205357143,0,-5.75,-0.46625,0,1,0,0,0,14
26,32.8,34,0,0,6.8,8,0,0,0.12,-4.857142857,0,-26,-0.12,0.333333333,1,1,0,0,11
25.1,28.8,32.5,0,0,3.7,7.4,0,0,0.37,-4.642857143,0,-25.1,-0.37,0.333333333,1,1,0,0,11
20.1,36.4,36.9,0,0,16.3,16.8,0,0,0.05,-5.271428571,0,-20.1,-0.05,0.333333333,1,1,0,0,11
21.3,27.5,28,0,0,6.2,6.7,0,0,0.05,-4,0,-21.3,-0.05,0.333333333,1,1,0,0,11
24.1,33.1,33.5,0,0,9,9.4,0,0,0.04,-4.785714286,0,-24.1,-0.04,0.333333333,1,1,0,0,11
22.1,27,32,0,0,4.9,9.9,0,0,0.5,-4.571428571,0,-22.1,-0.5,0.333333333,1,1,0,0,11
5.75,10.775,32.5,0,0,0,9.65,0,0,2.1725,-4.642857143,0,-5.75,-2.1725,0,1,0,0,0,11
24,28.2,33.5,0,0,4.2,9.5,0,0,0.53,-4.785714286,0,-24,-0.53,0.333333333,1,1,0,0,11
17,30.1,32.5,0,0,13.1,15.5,0,0,0.24,-4.642857143,0,-17,-0.24,0.333333333,1,1,0,0,11
5.75,10.775,32.5,0,0,0,9.65,0,0,2.1725,-4.642857143,0,-5.75,-2.1725,0,1,0,0,0,11
5.75,10.775,32.5,0,0,0,9.65,0,0,2.1725,-4.642857143,0,-5.75,-2.1725,0,1,0,0,0,11
5.75,10.775,32.5,0,0,0,9.65,0,0,2.1725,-4.642857143,0,-5.75,-2.1725,0,1,0,0,0,11
16,21.5,26.1,0,0,5.5,10.1,0,0,0.46,-3.728571429,0,-16,-0.46,0.333333333,1,1,0,0,10
21,28.5,30.4,31.4,0,7.5,9.4,10.4,0,0.19,0.142857143,-4.485714286,-21,-4.675714286,0.666666667,1,1,1,0,10
17,25.6,31,31.3,32,8.6,14,14.3,15,0.54,0.042857143,0.1,15,-0.44,1,1,1,1,1,10
22.1,27.5,29.8,32,0,5.4,7.7,9.9,0,0.23,0.314285714,-4.571428571,-22.1,-4.801428571,0.666666667,1,1,1,0,10
19.2,25,28.3,31.5,32,5.8,9.1,12.3,12.8,0.33,0.457142857,0.071428571,12.8,-0.258571429,1,1,1,1,1,10
18.4,25,26.6,30.5,0,6.6,8.2,12.1,0,0.16,0.557142857,-4.357142857,-18.4,-4.517142857,0.666666667,1,1,1,0,10
5.75,10.775,27.75,0,0,0,9.25,0,0,1.6975,-3.964285714,0,-5.75,-1.6975,0,1,0,0,0,10
22.5,27.2,28.4,0,0,4.7,5.9,0,0,0.12,-4.057142857,0,-22.5,-0.12,0.333333333,1,1,0,0,10
5.75,10.775,27.75,0,0,0,9.25,0,0,1.6975,-3.964285714,0,-5.75,-1.6975,0,1,0,0,0,10
5.75,10.775,27.75,0,0,0,9.25,0,0,1.6975,-3.964285714,0,-5.75,-1.6975,0,1,0,0,0,10
17.6,30.1,33,35.2,44,12.5,15.4,17.6,26.4,0.29,0.314285714,1.257142857,26.4,0.967142857,1,1,1,1,1,10
5.75,10.775,27.75,0,0,0,9.25,0,0,1.6975,-3.964285714,0,-5.75,-1.6975,0,1,0,0,0,10
24,31.4,34,35.4,0,7.4,10,11.4,0,0.26,0.2,-5.057142857,-24,-5.317142857,0.666666667,1,1,1,0,3
23.5,31.5,32.2,33.4,36.2,8,8.7,9.9,12.7,0.07,0.171428571,0.4,12.7,0.33,1,1,1,1,1,3
5.75,13.2,38,41,43.7,8.2,33,36,38.7,2.48,0.428571429,0.385714286,37.95,-2.094285714,1,1,1,1,1,3
21.5,27.5,35,36.2,41.5,6,13.5,14.7,20,0.75,0.171428571,0.757142857,20,0.007142857,1,1,1,1,1,3
5.75,10.775,15.4375,0,0,0,0,0,0,0.46625,-2.205357143,0,-5.75,-0.46625,0,1,0,0,0,3
22,24.6,34,38,0,2.6,12,16,0,0.94,0.571428571,-5.428571429,-22,-6.368571429,0.666666667,1,1,1,0,3
5.75,10.775,15.4375,0,0,0,0,0,0,0.46625,-2.205357143,0,-5.75,-0.46625,0,1,0,0,0,3
22.2,32,15.4375,0,0,9.8,0,0,0,-1.65625,-2.205357143,0,-22.2,1.65625,0,1,0,0,0,3
26,10.775,15.4375,0,0,-3.6125,0,0,0,0.46625,-2.205357143,0,-26,-0.46625,0,1,0,0,0,3
5.75,10.775,15.4375,0,0,0,0,0,0,0.46625,-2.205357143,0,-5.75,-0.46625,0,1,0,0,0,3
5.75,10.775,15.4375,0,0,0,0,0,0,0.46625,-2.205357143,0,-5.75,-0.46625,0,1,0,0,0,3
25.8,27.5,31,31.2,0,1.7,5.2,5.4,0,0.35,0.028571429,-4.457142857,-25.8,-4.807142857,0.666666667,1,1,1,0,3
27.7,37.5,38.2,0,0,9.8,10.5,0,0,0.07,-5.457142857,0,-27.7,-0.07,0.333333333,1,1,0,0,17
27.75,35.3,37,0,0,6.8,8.5,0,0,0.17,-5.285714286,0,-27.75,-0.17,0.333333333,1,1,0,0,17
24,39.1,40,0,0,15.1,16,0,0,0.09,-5.714285714,0,-24,-0.09,0.333333333,1,1,0,0,17
20.5,34.6,35,0,0,14.1,14.5,0,0,0.04,-5,0,-20.5,-0.04,0.333333333,1,1,0,0,17
5.75,10.775,31.2,0,0,0,13.2,0,0,2.0425,-4.457142857,0,-5.75,-2.0425,0,1,0,0,0,17
17,27.4,31.2,0,0,10.4,14.2,0,0,0.38,-4.457142857,0,-17,-0.38,0.333333333,1,1,0,0,17
5.75,10.775,31.2,0,0,0,13.2,0,0,2.0425,-4.457142857,0,-5.75,-2.0425,0,1,0,0,0,17
5.75,10.775,31.2,0,0,0,13.2,0,0,2.0425,-4.457142857,0,-5.75,-2.0425,0,1,0,0,0,17
5.75,10.775,31.2,0,0,0,13.2,0,0,2.0425,-4.457142857,0,-5.75,-2.0425,0,1,0,0,0,17
5.75,10.775,31.2,0,0,0,13.2,0,0,2.0425,-4.457142857,0,-5.75,-2.0425,0,1,0,0,0,17
5.75,10.775,31.2,0,0,0,13.2,0,0,2.0425,-4.457142857,0,-5.75,-2.0425,0,1,0,0,0,17
5.75,10.775,31.2,0,0,0,13.2,0,0,2.0425,-4.457142857,0,-5.75,-2.0425,0,1,0,0,0,17
19.5,32,32.5,0,0,12.5,13,0,0,0.05,-4.642857143,0,-19.5,-0.05,0.333333333,1,1,0,0,9
18.1,29,30.4,30.6,0,10.9,12.3,12.5,0,0.14,0.028571429,-4.371428571,-18.1,-4.511428571,0.666666667,1,1,1,0,9
21,24.5,28.4,28.5,0,3.5,7.4,7.5,0,0.39,0.014285714,-4.071428571,-21,-4.461428571,0.666666667,1,1,1,0,9
22.5,31,35,35.9,0,8.5,12.5,13.4,0,0.4,0.128571429,-5.128571429,-22.5,-5.528571429,0.666666667,1,1,1,0,9
20.1,31.6,32.5,32.6,0,11.5,12.4,12.5,0,0.09,0.014285714,-4.657142857,-20.1,-4.747142857,0.666666667,1,1,1,0,9
21.2,29,30.2,33,34.5,7.8,9,11.8,13.3,0.12,0.4,0.214285714,13.3,0.094285714,1,1,1,1,1,9
11.3,29.5,32,0,0,18.2,20.7,0,0,0.25,-4.571428571,0,-11.3,-0.25,0.333333333,1,1,0,0,9
5.75,10.775,34.5,0,0,0,16.1,0,0,2.3725,-4.928571429,0,-5.75,-2.3725,0,1,0,0,0,9
11,29.5,32,35,0,18.4875,21,24,0,0.25,0.428571429,-5,-11,-5.25,0.666666667,1,1,1,0,9
23,25.4,30.3,34,34.7,2.4,7.3,11,11.7,0.49,0.528571429,0.1,11.7,-0.39,1,1,1,1,1,9
19.9,32.1,32.5,33,0,12.2,12.6,13.1,0,0.04,0.071428571,-4.714285714,-19.9,-4.754285714,0.666666667,1,1,1,0,9
19,28,29.5,0,0,9,10.5,0,0,0.15,-4.214285714,0,-19,-0.15,0.333333333,1,1,0,0,9
15.5,24.2,27.5,27.9,0,8.7,12,12.4,0,0.33,0.057142857,-3.985714286,-15.5,-4.315714286,0.666666667,1,1,1,0,5
17.2,28.5,30.2,0,0,11.3,13,0,0,0.17,-4.314285714,0,-17.2,-0.17,0.333333333,1,1,0,0,5
18.2,27.6,28,36.5,37.4,9.4,9.8,18.3,19.2,0.04,1.214285714,0.128571429,19.2,0.088571429,1,1,1,1,1,5
17,23.5,25.5,28,30,6.5,8.5,11,13,0.2,0.357142857,0.285714286,13,0.085714286,1,1,1,1,1,5
16,21,24.5,28.5,30.5,5,8.5,12.5,14.5,0.35,0.571428571,0.285714286,14.5,-0.064285714,1,1,1,1,1,5
17,25.2,27.5,0,0,8.2,10.5,0,0,0.23,-3.928571429,0,-17,-0.23,0.333333333,1,1,0,0,5
16,27.4,30.3,34.5,0,11.4,14.3,18.5,0,0.29,0.6,-4.928571429,-16,-5.218571429,0.666666667,1,1,1,0,5
17.3,25.4,33,0,0,8.1,14.9,0,0,0.76,-4.714285714,0,-17.3,-0.76,0,1,0,0,0,5
18.5,27,30.5,0,0,8.5,12,0,0,0.35,-4.357142857,0,-18.5,-0.35,0.333333333,1,1,0,0,5
18,26.5,26.7,30.6,32.9,8.5,8.7,12.6,14.9,0.02,0.557142857,0.328571429,14.9,0.308571429,1,1,1,1,1,5
16.5,23.3,27.3,27.4,0,6.8,10.8,10.9,0,0.4,0.014285714,-3.914285714,-16.5,-4.314285714,0.666666667,1,1,1,0,5
19,29,30.8,0,0,10,11.8,0,0,0.18,-4.4,0,-19,-0.18,0.333333333,1,1,0,0,5
16.5,21.5,28,31.3,0,5,11.5,14.8,0,0.65,0.471428571,-4.471428571,-16.5,-5.121428571,0.666666667,1,1,1,0,7
17,25.3,26.3,28.5,29.5,8.3,9.3,11.5,12.5,0.1,0.314285714,0.142857143,12.5,0.042857143,1,1,1,1,1,7
15.3,20.5,29,32,0,5.2,13.7,16.7,0,0.85,0.428571429,-4.571428571,-15.3,-5.421428571,0.666666667,1,1,1,0,7
17.6,23,28.1,32.5,38.5,5.4,10.5,14.9,20.9,0.51,0.628571429,0.857142857,20.9,0.347142857,1,1,1,1,1,7
5.75,10.775,28.1,0,0,6.5,24.1,0,0,1.7325,-4.014285714,0,-5.75,-1.7325,0.333333333,1,1,0,0,7
15.3,25,28,28.5,0,9.7,12.7,13.2,0,0.3,0.071428571,-4.071428571,-15.3,-4.371428571,0.666666667,1,1,1,0,7
15,24.7,25,25.3,0,9.7,10,10.3,0,0.03,0.042857143,-3.614285714,-15,-3.644285714,0.666666667,1,1,1,0,7
15.4,21.2,22.3,0,0,5.8,6.9,0,0,0.11,-3.185714286,0,-15.4,-0.11,0.333333333,1,1,0,0,7
15,25.1,29,29.3,0,10.1,14,14.3,0,0.39,0.042857143,-4.185714286,-15,-4.575714286,0.666666667,1,1,1,0,7
18,23.5,29,31.6,0,5.5,11,13.6,0,0.55,0.371428571,-4.514285714,-18,-5.064285714,0.666666667,1,1,1,0,7
18.5,10.775,31.3,0,0,-3.6125,15.2,0,0,2.0525,-4.471428571,0,-18.5,-2.0525,0,1,0,0,0,7
8,11.5,17.5,0,0,3.5,9.5,0,0,0.6,-2.5,0,-8,-0.6,0.333333333,1,1,0,0,7
20,28,29.8,0,0,8,9.8,0,0,0.18,-4.257142857,0,-20,-0.18,0.333333333,1,1,0,0,2
16.5,28.6,28.9,0,0,12.1,12.4,0,0,0.03,-4.128571429,0,-16.5,-0.03,0.333333333,1,1,0,0,2
15.5,30,42,0,0,14.5,26.5,0,0,1.2,-6,0,-15.5,-1.2,0.333333333,1,1,0,0,2
14,24.2,26,0,0,10.2,12,0,0,0.18,-3.714285714,0,-14,-0.18,0.333333333,1,1,0,0,2
16.5,26.6,27.2,0,0,10.1,10.7,0,0,0.06,-3.885714286,0,-16.5,-0.06,0.333333333,1,1,0,0,2
19,27.6,27.8,0,0,8.6,8.8,0,0,0.02,-3.971428571,0,-19,-0.02,0.333333333,1,1,0,0,2
19.5,30.2,31.5,0,0,10.7,12,0,0,0.13,-4.5,0,-19.5,-0.13,0.333333333,1,1,0,0,2
11,21.2,22,0,0,10.2,11,0,0,0.08,-3.142857143,0,-11,-0.08,0.333333333,1,1,0,0,2
23,24,24.4,0,0,1,1.4,0,0,0.04,-3.485714286,0,-23,-0.04,0.333333333,1,1,0,0,2
17.5,27,27.5,0,0,9.5,10,0,0,0.05,-3.928571429,0,-17.5,-0.05,0.333333333,1,1,0,0,2
18.3,24,26.4,0,0,5.7,8.1,0,0,0.24,-3.771428571,0,-18.3,-0.24,0.333333333,1,1,0,0,2
17.5,28.2,28.9,0,0,10.7,11.4,0,0,0.07,-4.128571429,0,-17.5,-0.07,0.333333333,1,1,0,0,2
19.9,24.7,31.6,32.3,0,4.8,11.7,12.4,0,0.69,0.1,-4.614285714,-19.9,-5.304285714,0.666666667,1,1,1,0,1
22.6,32.4,32.5,32.6,0,9.8,9.9,10,0,0.01,0.014285714,-4.657142857,-22.6,-4.667142857,0.666666667,1,1,1,0,1
15,25,25.2,0,0,10,10.2,0,0,0.02,-3.6,0,-15,-0.02,0.333333333,1,1,0,0,1
20.5,29,31.4,0,0,8.5,10.9,0,0,0.24,-4.485714286,0,-20.5,-0.24,0.333333333,1,1,0,0,1
18.2,28.6,29.7,0,0,10.4,11.5,0,0,0.11,-4.242857143,0,-18.2,-0.11,0.333333333,1,1,0,0,1
21.5,22.2,34.7,0,0,0.7,16.5,0,0,1.25,-4.957142857,0,-21.5,-1.25,0,1,0,0,0,1
22.5,23.2,30.5,0,0,0.7,8,0,0,0.73,-4.357142857,0,-22.5,-0.73,0.333333333,1,1,0,0,1
21,32.1,32.5,0,0,11.1,11.5,0,0,0.04,-4.642857143,0,-21,-0.04,0.333333333,1,1,0,0,1
19.3,28.2,28.7,0,0,8.9,9.4,0,0,0.05,-4.1,0,-19.3,-0.05,0.333333333,1,1,0,0,1
11.6,18.2,22.4,22.7,0,6.6,10.8,11.1,0,0.42,0.042857143,-3.242857143,-11.6,-3.662857143,0.666666667,1,1,1,0,1
18.2,29.2,36.5,36.7,0,11,18.3,18.5,0,0.73,0.028571429,-5.242857143,-18.2,-5.972857143,0.666666667,1,1,1,0,1
14.5,27.2,27.3,0,0,12.7,12.8,0,0,0.01,-3.9,0,-14.5,-0.01,0.333333333,1,1,0,0,1
16.6,19.5,28,0,0,2.9,11.4,0,0,0.85,-4,0,-16.6,-0.85,0.333333333,1,1,0,0,0
20.5,21.5,24.4,29.5,0,1,3.9,9,0,0.29,0.728571429,-4.214285714,-20.5,-4.504285714,0.666666667,1,1,1,0,0
15.3,24,29,0,0,8.7,13.7,0,0,0.5,-4.142857143,0,-15.3,-0.5,0.333333333,1,1,0,0,0
14.1,30.2,32.6,32.8,0,16.1,18.5,18.7,0,0.24,0.028571429,-4.685714286,-14.1,-4.925714286,0.666666667,1,1,1,0,0
14.8,29.1,29.5,0,0,14.3,14.7,0,0,0.04,-4.214285714,0,-14.8,-0.04,0.333333333,1,1,0,0,0
16.1,24.3,27,0,0,8.2,10.9,0,0,0.27,-3.857142857,0,-16.1,-0.27,0.333333333,1,1,0,0,0
9.5,20.2,33.85,0,0,10.7,16,0,0,1.365,-4.835714286,0,-9.5,-1.365,0,1,0,0,0,0
11.4,30,32,35,0,18.4875,20.6,23.6,0,0.2,0.428571429,-5,-11.4,-5.2,0.666666667,1,1,1,0,0
17.5,24.1,31.1,0,0,6.6,13.6,0,0,0.7,-4.442857143,0,-17.5,-0.7,0.333333333,1,1,0,0,0
21,22.2,24.5,0,0,1.2,3.5,0,0,0.23,-3.5,0,-21,-0.23,0.333333333,1,1,0,0,0
10.3,17.6,19.3,0,0,7.3,9,0,0,0.17,-2.757142857,0,-10.3,-0.17,0.333333333,1,1,0,0,0
12.3,22.3,23.6,0,0,10,11.3,0,0,0.13,-3.371428571,0,-12.3,-0.13,0.333333333,1,1,0,0,0
